sex,Age,Married,Number_children,education_level,total_members in family,living_expenses,incoming_salary,incoming_own_farm,incoming_business,incoming_no_business,incoming_agricultural,depressed
1,28,1,4,10,5,26692283,0,0,0,0,30028818,0
1,23,1,3,8,5,26692283,0,0,0,0,30028818,1
1,22,1,3,9,5,26692283,0,0,0,0,30028818,0
1,27,1,2,10,4,397715,0,1,0,1,22288055,0
0,59,0,4,10,6,80877619,1,0,0,0,53384566,0
1,35,1,6,10,8,30696127,0,1,0,1,22688441,0
0,34,0,1,9,3,66730708,0,0,0,0,26692283,1
1,21,1,2,10,4,80076849,0,0,1,0,9275569,0
1,32,1,7,9,9,30162281,1,0,0,0,32564587,0
1,29,1,4,10,5,26692283,0,0,0,0,30028818,0
1,84,0,0,1,5,26692283,0,0,0,0,30028818,1
1,59,0,2,9,3,262919,0,0,0,0,66730709,0
1,38,1,4,10,6,10810375,0,0,0,0,72069163,0
1,27,1,4,10,6,21220366,0,1,0,0,3109651,0
1,56,1,0,12,2,34566505,0,1,0,0,43775349,1
1,24,1,2,10,5,38169963,0,1,0,0,21353827,0
1,25,1,3,10,5,40705733,0,1,0,0,6406148,0
1,44,1,5,12,5,26692283,0,0,0,0,30028818,0
1,32,1,4,9,5,26692283,0,0,0,0,30028818,0
1,26,1,2,7,4,25357668,0,1,0,1,42707653,0
1,40,0,0,7,5,26692283,0,0,0,0,30028818,1
1,55,0,0,6,1,16495831,0,0,0,0,48046109,1
1,34,1,3,10,5,49380727,0,1,0,0,30028818,0
1,43,1,4,4,9,18684598,1,0,0,1,58322639,1
1,51,1,2,12,5,26692283,0,0,0,0,30028818,1
1,28,1,3,10,5,53384566,0,1,0,0,92088375,0
1,53,1,4,9,5,26692283,0,0,0,0,30028818,0
1,26,1,3,11,5,15481524,1,0,0,0,44042268,0
1,23,1,2,8,5,26692283,0,0,0,0,30028818,0
1,36,1,5,12,5,26692283,0,0,0,0,30028818,0
1,27,1,3,8,5,26692283,0,0,0,0,30028818,0
1,44,0,3,8,4,30696127,0,0,0,0,80076847,0
0,40,1,5,11,9,60057635,0,1,0,0,25144131,0
1,19,1,2,10,5,26692283,0,0,0,0,30028818,0
1,27,1,3,8,5,77407622,0,1,0,0,93422985,0
1,31,1,2,10,4,11611143,0,0,1,1,1134422,0
1,27,1,3,10,5,28694205,1,0,0,0,28827665,0
1,27,1,4,8,6,48046112,0,0,1,1,3203074,0
0,35,0,0,13,5,26692283,0,0,0,0,30028818,0
1,43,0,2,1,4,37369196,1,0,0,0,18417675,1
1,22,1,2,10,5,26692283,0,0,0,0,30028818,0
1,41,1,6,10,8,41373043,1,0,0,0,14914313,0
1,20,1,2,9,5,26692283,0,0,0,0,30028818,1
1,18,1,2,9,3,26158438,0,0,0,1,64061481,0
1,38,1,5,9,8,25357668,0,1,0,0,10276529,0
0,24,0,2,7,5,26692283,0,0,0,0,30028818,0
1,26,1,1,8,3,13346142,1,0,0,1,28026898,0
1,26,1,3,6,5,26692283,0,0,0,0,30028818,1
1,37,1,5,10,8,15881909,0,0,0,0,41639962,1
1,23,1,4,14,6,66730708,0,1,0,0,21353827,1
1,28,0,4,10,5,36034582,0,0,1,1,10009606,0
1,19,1,1,7,3,66730708,1,0,0,0,30028818,0
1,35,1,3,9,5,20019212,0,0,0,0,26692283,0
1,53,1,3,8,5,26692283,0,0,0,0,30028818,0
1,33,1,3,9,5,26692283,0,0,0,0,30028818,0
1,19,1,2,6,4,26692283,1,0,0,1,24023056,0
1,26,1,3,10,5,53384566,0,1,0,0,33365355,0
1,26,1,5,8,7,10676913,0,1,0,0,10743644,0
1,49,0,1,14,2,24690363,0,1,0,1,33365355,0
1,20,1,1,8,5,26692283,0,0,0,0,30028818,0
0,48,0,5,9,6,26692283,1,0,0,0,19351906,1
1,28,1,3,10,7,46711496,0,1,0,1,80076847,0
1,21,1,1,10,3,30696127,0,1,0,1,26692283,0
1,42,1,0,9,3,62193022,0,1,0,0,11184067,0
1,46,0,0,1,1,34032662,0,0,1,1,64061481,0
1,24,1,2,9,4,77407622,0,0,1,1,84080696,0
1,30,1,2,10,4,48179574,0,0,1,1,50181494,0
1,45,1,4,9,4,15614985,0,0,1,0,66730708,0
1,25,1,4,10,6,3203074,0,1,0,1,66063399,1
0,19,1,1,10,5,26692283,0,0,0,0,30028818,1
1,45,1,3,8,5,21353827,1,0,0,0,13346142,0
1,40,0,1,5,3,46711496,1,0,0,0,50715337,0
0,37,0,0,12,5,26692283,0,0,0,0,30028818,1
1,21,1,1,7,5,26692283,0,0,0,0,30028818,1
1,30,1,6,7,8,66730708,0,0,0,1,21353827,1
1,25,1,1,7,3,93422991,1,0,0,0,30028818,0
1,38,1,3,13,5,26692283,0,0,0,0,30028818,0
1,48,1,0,1,2,23355746,0,0,0,1,30028818,1
1,30,1,4,11,6,12411911,0,1,0,0,22021134,0
1,26,1,5,9,7,23355746,0,0,1,1,85415304,0
1,37,1,8,10,10,16082102,1,0,0,1,30028818,0
0,28,1,1,10,3,20286135,0,1,0,1,72069163,1
0,30,0,2,10,3,10009606,1,0,0,0,56053793,0
0,25,1,1,8,3,26692283,0,0,0,0,13346142,1
1,55,1,2,8,5,26692283,0,0,0,0,30028818,0
1,38,1,5,8,7,80076849,1,0,0,0,10943837,0
1,43,1,5,8,5,26692283,0,0,0,0,30028818,1
1,32,0,2,10,3,10143068,0,1,0,0,10276529,0
1,23,1,3,8,5,12011528,0,0,0,0,26692283,0
1,35,1,2,6,4,3203074,0,1,0,0,12812296,1
1,22,1,3,7,6,15267985,0,0,0,1,48179574,0
1,52,1,3,1,7,26692283,0,1,0,0,53384566,0
0,43,0,0,6,5,26692283,0,0,0,0,30028818,1
1,25,1,2,10,5,16682677,0,0,1,1,14747486,0
1,40,0,2,10,4,66730708,0,1,0,1,80076847,0
1,20,1,3,10,5,26692283,0,0,0,0,30028818,0
1,26,1,2,9,4,13346142,0,1,0,0,93422985,0
1,32,0,3,7,5,10863759,0,0,1,1,10096356,1
1,22,1,2,10,5,26692283,0,0,0,0,30028818,0
1,27,1,2,10,5,26692283,0,0,0,0,30028818,0
1,22,1,1,12,3,10676913,0,1,0,0,13346142,0
1,39,0,6,9,7,34032662,1,0,0,0,3203074,0
1,24,1,2,4,4,24690363,1,0,0,0,86749923,1
1,31,0,3,10,5,14013449,0,0,1,1,48046112,0
1,23,1,3,9,5,26692283,0,0,0,0,30028818,0
1,23,1,2,8,4,51382647,0,1,0,0,12812296,0
0,42,0,3,14,4,14547294,1,0,0,0,40038424,1
1,48,1,7,4,9,93422985,0,1,0,0,20085943,1
0,25,1,0,10,2,80076849,1,0,0,0,42707653,0
1,26,1,5,7,5,26692283,0,0,0,0,30028818,0
1,17,1,2,9,5,26692283,0,0,0,0,30028818,0
1,33,1,7,9,5,26692283,0,0,0,0,30028818,0
1,19,1,3,11,7,17383348,0,1,0,1,30028818,0
1,45,1,6,11,5,26692283,0,0,0,0,30028818,0
1,57,0,0,6,5,26692283,0,0,0,0,30028818,0
1,52,1,2,9,5,26692283,0,0,0,0,30028818,0
1,28,1,4,9,6,26692283,0,1,0,0,25624592,1
1,27,1,2,18,4,13346142,0,0,0,0,21353827,1
1,37,1,4,9,7,41373043,0,0,1,1,56053796,1
1,35,1,8,10,10,35367274,0,1,0,0,50715339,0
1,36,0,7,10,10,20019212,0,0,1,1,64595327,0
0,53,0,0,8,1,73403776,0,1,0,0,32698047,0
1,43,1,6,13,5,26692283,0,0,0,0,30028818,1
1,39,1,3,10,5,26692283,0,0,0,0,30028818,0
1,26,1,5,9,7,40038425,1,0,0,0,29628434,0
1,25,1,3,10,5,1601537,0,0,1,1,30028818,0
1,19,1,2,12,4,32698047,1,0,0,0,36034582,0
1,27,1,4,10,7,30295742,1,0,0,1,16682676,0
1,28,0,3,9,4,18684598,0,1,0,0,45376883,0
1,25,1,2,9,4,10276529,0,0,0,0,42707653,0
1,48,0,4,9,8,60057635,0,1,0,0,74738393,1
1,27,1,1,12,5,26692283,0,0,0,0,30028818,0
1,24,1,1,10,3,1134422,1,0,0,0,37369196,0
1,63,1,0,1,5,26692283,0,0,0,0,30028818,0
1,45,0,0,7,5,26692283,0,0,0,0,30028818,0
1,18,1,2,10,3,45376882,1,0,0,0,30028818,0
1,62,1,3,9,5,73403783,0,0,1,1,3203074,0
1,60,0,1,1,2,62726867,0,1,0,0,16015369,0
1,26,1,2,8,5,26692283,0,0,0,0,30028818,1
0,30,1,4,10,5,26692283,0,0,0,0,30028818,0
1,32,1,6,9,5,26692283,0,0,0,0,30028818,0
1,69,0,1,6,2,12144989,0,1,0,0,16682677,0
1,29,1,5,9,5,26692283,0,0,0,0,30028818,0
0,75,0,0,4,1,26692283,0,0,0,0,30028818,0
1,30,1,3,13,5,26692283,0,0,0,0,30028818,0
0,55,0,2,12,5,26692283,0,0,0,0,30028818,0
1,29,1,2,10,4,13346142,1,0,0,1,33365355,1
1,23,0,3,8,4,33365355,1,0,0,0,66730708,0
1,74,1,4,1,5,26692283,0,0,0,0,30028818,1
1,24,1,2,14,4,13346142,1,0,0,0,30028818,0
1,21,1,3,9,5,26692283,0,0,0,0,30028818,0
1,19,1,1,9,3,80076847,0,1,0,1,33365355,0
1,46,1,2,12,5,26692283,0,0,0,0,30028818,0
1,62,1,7,1,5,26692283,0,0,0,0,30028818,0
1,34,1,6,10,8,36034584,0,0,1,1,37369196,1
1,20,1,2,7,4,37369196,0,0,0,1,53384566,0
1,34,1,3,9,5,26692283,0,0,0,0,30028818,0
1,27,1,5,10,5,26692283,0,0,0,0,30028818,0
1,27,1,3,12,5,26692283,0,0,0,0,30028818,0
1,20,1,3,10,5,13346142,0,0,0,0,40038424,0
1,25,1,4,14,5,26692283,0,0,0,0,30028818,0
1,69,1,3,7,6,17883829,0,1,0,0,56053796,0
1,48,0,5,8,8,19351906,1,0,0,0,20019212,1
1,37,1,7,10,9,20019212,0,1,0,1,65396094,0
1,22,1,3,9,5,30028818,0,0,0,0,98761451,0
1,19,1,1,10,3,80076847,0,1,0,1,49380727,0
1,40,1,4,10,6,53384566,0,1,0,0,45376883,0
1,26,0,4,10,6,25357668,0,1,0,0,62726865,1
1,27,1,2,10,5,26692283,0,0,0,0,30028818,0
1,35,1,1,12,3,23382441,1,0,0,1,6406148,1
1,31,1,4,11,5,26692283,0,0,0,0,30028818,0
1,24,1,4,10,5,26692283,0,0,0,0,30028818,0
1,29,1,3,11,6,10676913,0,0,0,1,13346142,0
1,63,1,2,10,5,13346142,0,1,0,0,51449375,0
1,85,0,0,3,1,26692283,0,0,0,0,30028818,0
1,43,1,4,14,7,35233815,0,0,1,1,3203074,0
0,34,1,6,9,10,80076849,0,1,0,1,54051876,0
1,52,1,6,7,10,77007241,0,0,1,0,18671253,0
1,48,1,0,9,5,26692283,0,0,0,0,30028818,0
1,20,1,6,8,8,1601537,1,0,0,0,30028818,0
1,38,0,1,1,2,16549217,0,1,0,0,64595327,0
1,32,1,2,9,4,28026898,0,1,0,0,77607818,0
1,25,1,3,12,5,26692283,0,0,0,0,30028818,1
1,35,1,2,10,4,37369194,0,1,0,0,52717257,0
1,44,1,6,9,9,10943837,0,0,1,1,56053796,0
1,40,0,5,5,6,6005764,0,1,0,0,23489211,0
0,53,0,2,8,3,26692283,0,0,0,0,13346142,0
1,47,0,8,4,12,25357668,0,1,0,0,28026898,0
1,25,1,2,10,5,26692283,0,0,0,0,30028818,0
1,66,0,1,1,2,2162075,0,1,0,1,84080696,0
1,44,0,4,8,5,26692283,0,0,0,0,30028818,0
1,35,1,4,14,6,26692283,0,0,0,0,30028818,0
1,30,1,5,10,7,97426834,1,0,0,0,18417675,0
1,21,1,2,10,4,12011528,0,0,0,0,1040999,0
1,28,1,4,9,6,10009606,1,0,0,0,20019212,0
1,57,1,1,1,5,16682677,0,1,0,0,65396094,0
1,47,0,1,5,2,18684598,0,1,0,1,9982914,0
1,59,0,1,5,4,1601537,0,1,0,0,18684598,0
1,22,1,3,10,5,53384566,1,0,0,0,14680757,0
1,29,1,4,9,6,53384566,1,0,0,0,66730708,0
1,60,0,0,1,5,26692283,0,0,0,0,30028818,0
0,51,0,2,8,5,26692283,0,0,0,0,30028818,1
1,29,1,3,9,5,26692283,0,0,0,0,30028818,0
1,30,1,6,9,8,21086905,0,1,0,0,15348064,0
1,76,0,5,1,7,10409991,0,0,0,0,80076849,0
1,21,1,2,10,5,26692283,0,0,0,0,30028818,0
1,28,1,4,10,5,26692283,0,0,0,0,30028818,0
1,19,1,2,9,5,26692283,0,0,0,0,30028818,0
0,38,1,5,10,5,26692283,0,0,0,0,30028818,0
1,27,1,3,10,5,16682677,0,1,0,1,41639962,0
1,26,1,1,8,3,18497753,0,0,0,0,21353827,0
1,40,0,1,9,2,11210759,0,1,0,1,28827665,0
1,23,1,2,9,5,26692283,0,0,0,0,30028818,0
1,26,1,2,13,4,21433905,1,0,0,0,24023056,1
1,27,1,3,13,5,26692283,0,0,0,0,30028818,1
1,26,1,2,6,4,25624592,1,0,0,0,80076847,0
1,35,0,0,9,1,33365355,0,0,1,1,33365354,0
1,51,1,4,10,5,26692283,0,0,0,0,30028818,0
1,20,1,2,9,4,26692283,0,0,0,0,53384566,0
1,72,0,5,5,9,70067245,0,1,0,0,24023054,0
1,23,1,2,9,4,17349985,0,0,0,1,10676913,0
1,33,0,3,12,4,1508114,0,1,0,0,98761454,0
1,28,1,2,8,4,80076847,0,1,0,1,16015369,0
1,49,1,4,11,8,18684598,1,0,0,0,21687479,0
1,59,1,6,12,8,28961128,0,1,0,0,8701684,0
1,20,1,3,10,5,26692283,0,1,0,0,22421518,0
1,40,1,5,9,5,26692283,0,0,0,0,30028818,0
1,31,1,4,9,6,40038424,0,1,0,0,95024529,0
1,38,0,3,10,5,26692283,0,0,0,0,30028818,0
1,32,0,3,14,5,33365355,0,0,0,0,3203074,0
1,40,0,6,10,8,66730709,0,1,0,1,80076847,0
1,47,1,4,6,5,26692283,0,0,0,0,30028818,0
0,65,0,1,10,3,26692283,0,1,0,0,10676913,0
1,31,1,4,14,5,26692283,0,0,0,0,30028818,0
1,47,1,4,1,5,26692283,0,0,0,0,30028818,0
1,25,1,2,10,4,40038425,0,0,0,0,28026897,0
1,22,1,4,8,6,72069162,1,0,0,1,24356709,0
1,27,1,4,9,5,26692283,0,0,0,0,30028818,1
1,53,1,0,4,3,24023056,0,1,0,1,82479153,0
1,26,1,3,10,5,44309193,0,1,0,0,20553058,0
1,32,1,4,12,6,66063399,0,0,1,1,33365355,0
1,18,1,3,9,4,26692283,1,0,0,0,54719181,0
0,64,0,0,7,5,26692283,0,0,0,0,30028818,0
1,28,0,4,10,5,26692283,0,0,0,0,30028818,0
1,54,1,0,7,2,56053796,0,0,1,1,42707653,0
1,56,0,0,4,1,69399939,0,0,1,1,30028818,1
1,37,1,5,10,7,13346142,0,1,0,1,93422985,1
1,22,1,3,10,5,26692283,0,0,0,0,30028818,0
1,28,1,3,9,5,13613064,0,0,0,0,40038424,0
1,35,1,1,8,5,46711493,0,0,0,0,81411467,0
0,43,1,2,10,6,41373043,0,1,0,1,20286135,1
1,27,1,2,10,4,12011527,0,0,1,1,98761454,0
1,62,1,0,8,2,26692283,1,0,0,0,24023056,0
1,70,1,3,6,7,17349985,0,1,0,0,30028818,1
1,32,1,5,9,8,93422994,0,0,0,0,93422991,0
1,38,1,0,7,2,46711496,0,0,1,1,30028818,0
1,22,1,4,8,6,15481524,1,0,0,0,30028818,0
1,25,1,3,9,5,31363432,0,0,0,0,36034582,0
1,29,1,6,8,5,26692283,0,0,0,0,30028818,1
1,49,0,1,6,5,26692283,0,0,0,0,30028818,0
1,44,1,5,6,9,10676913,0,1,0,0,30028818,0
1,51,1,4,9,5,26692283,0,0,0,0,30028818,0
1,40,1,0,8,3,53384566,0,0,0,1,48046112,0
1,31,1,1,10,3,40038424,0,0,1,1,36034582,0
1,39,1,8,10,10,1414691,0,1,0,0,53384566,0
1,45,1,4,9,6,76073008,1,0,0,0,12411911,0
0,73,0,3,10,5,26692283,0,0,0,0,30028818,1
1,21,0,3,10,5,26692283,0,0,0,0,30028818,0
1,42,1,3,9,5,26692283,0,0,0,0,30028818,0
1,33,1,2,7,4,34699969,0,0,1,1,51249185,0
1,27,1,4,10,6,30696125,1,0,0,1,22021133,1
1,25,1,0,10,2,22688441,1,0,0,0,23355746,0
1,38,1,3,14,5,14814217,0,1,0,0,43775349,0
1,21,1,5,10,7,25624592,1,0,0,0,30028818,0
1,45,1,7,8,10,11744605,0,0,1,1,64061481,0
1,33,0,6,10,7,70734549,0,0,1,1,12011528,0
1,35,1,4,9,5,26692283,0,0,0,0,30028818,0
1,24,1,3,11,5,40038424,0,1,0,0,3203074,0
1,26,1,2,8,3,26158438,0,0,1,1,3203074,0
1,23,0,2,10,3,73403783,0,1,0,0,21887674,0
1,21,1,2,9,5,26692283,0,0,0,0,30028818,0
1,34,1,1,14,5,26692283,0,0,0,0,30028818,0
1,23,1,2,10,3,38169963,0,1,0,0,36034582,0
1,26,0,3,5,4,10676913,0,1,0,0,81411467,0
1,36,1,4,8,6,62459941,0,1,0,0,66730709,0
1,20,1,3,10,5,26692283,0,0,0,0,30028818,0
1,23,1,3,10,5,60591483,1,0,0,0,13679795,0
1,32,1,3,9,5,26692283,0,0,0,0,37369196,1
1,44,0,1,9,5,26692283,0,0,0,0,30028818,0
1,25,1,3,14,5,1414691,0,0,0,1,30028818,0
1,43,1,4,10,6,20019212,0,1,0,0,96759529,0
0,60,0,0,6,1,26692283,0,1,0,1,40038425,0
1,26,1,2,9,4,22648401,0,1,0,1,12465296,0
1,20,1,1,7,3,17616907,0,1,0,1,36034581,0
1,27,1,3,10,5,46711493,0,0,1,1,46711493,0
1,20,1,1,11,3,86483002,1,0,0,0,31763819,0
1,29,0,0,10,1,89419144,0,1,0,0,11210759,0
1,23,1,1,10,3,60724945,0,0,0,0,25090746,0
1,27,1,6,7,5,26692283,0,0,0,0,30028818,1
1,30,1,2,9,4,33365355,0,0,1,1,45376883,0
1,56,1,7,14,5,26692283,0,0,0,0,30028818,0
1,25,0,3,9,5,26692283,0,0,0,0,30028818,1
1,33,1,4,10,6,46711493,0,1,0,0,78742232,0
1,26,1,3,9,5,26692283,0,0,0,0,30028818,0
0,24,1,1,17,5,26692283,0,0,0,0,30028818,0
1,32,1,4,12,6,57388411,0,1,0,0,1040999,0
1,35,1,6,9,9,66730708,0,1,0,1,96092224,1
1,39,1,7,12,12,27359591,0,1,0,0,74738393,1
1,46,1,2,7,5,33365355,0,0,1,1,66730709,0
1,26,1,5,9,7,25891516,0,1,0,0,22955363,0
1,54,1,0,8,5,26692283,0,0,0,0,30028818,0
1,33,1,3,10,5,14680755,0,0,1,1,53384566,1
1,24,1,3,11,5,16015369,0,1,0,1,19485367,0
1,23,1,4,8,6,72069162,0,1,0,0,6406148,1
1,24,1,3,10,5,26692283,0,0,0,0,30028818,0
1,28,1,4,10,6,26692283,0,0,1,1,10676913,0
1,29,1,3,7,5,51382647,0,0,0,0,30028818,0
1,26,0,4,10,6,50715337,0,0,0,1,26692283,0
1,25,1,2,9,4,17750368,0,0,0,1,30429204,0
1,40,1,7,9,9,40038424,1,0,0,0,18684598,0
1,42,1,4,12,6,30696127,1,0,0,0,18684597,0
1,76,1,0,10,2,26692283,0,1,0,1,10276529,0
1,26,1,3,7,5,5939033,0,0,0,1,26692283,0
1,20,1,1,10,3,96092218,1,0,0,1,53384566,0
1,26,1,3,10,5,26692283,0,0,0,0,30028818,0
1,19,1,2,12,5,26692283,0,0,0,0,30028818,0
1,20,1,2,10,5,26692283,0,0,0,0,30028818,0
1,25,1,3,10,5,56053796,0,1,0,0,22288055,0
1,22,1,1,10,3,66730709,0,0,0,0,28026898,0
1,29,1,2,11,4,40038424,0,0,1,1,36034582,0
1,81,0,0,1,5,26692283,0,0,0,0,30028818,1
1,54,1,7,9,9,3203074,0,1,0,0,12612103,1
1,39,0,1,6,3,2669229,0,0,1,1,61392255,0
1,27,1,3,14,5,10009606,0,0,0,1,53384566,1
1,24,1,2,10,4,24023056,1,0,0,1,10676913,0
1,37,1,5,9,7,54185338,0,1,0,0,60057635,0
1,46,1,3,8,5,1975229,0,1,0,1,10943837,0
1,22,1,1,10,5,26692283,0,0,0,0,30028818,0
1,25,1,2,10,4,13346142,1,0,0,1,1601537,0
1,19,1,2,8,5,26692283,0,0,0,0,30028818,0
1,35,0,3,10,5,1601537,0,0,0,0,52049952,0
1,39,1,5,9,5,26692283,0,0,0,0,30028818,0
1,49,1,1,6,5,26692283,0,0,0,0,30028818,0
1,42,1,5,9,9,1601537,0,1,0,0,53384566,0
1,28,1,3,5,5,58723021,0,1,0,0,54719181,0
1,33,1,3,10,5,28026898,0,0,1,1,3203074,0
1,26,1,3,9,5,36034582,0,0,0,0,33365355,0
1,39,1,4,9,6,26692283,0,0,0,1,26692283,0
1,22,1,3,10,6,62459946,0,0,0,1,14680755,0
1,20,1,2,9,4,65396094,0,0,0,0,16415755,0
1,28,1,2,5,5,26692283,0,0,0,0,30028818,1
1,26,1,7,8,5,26692283,0,0,0,0,30028818,0
1,27,1,2,10,4,16015369,0,1,0,1,25090746,0
1,33,1,2,10,4,19351906,1,0,0,0,10276529,1
1,21,1,2,10,4,21353827,0,1,0,0,45376883,0
1,35,1,7,10,9,66730708,1,0,0,0,22421517,0
1,47,1,2,5,4,36701891,0,1,0,0,13346142,1
1,53,1,7,9,10,6005764,0,1,0,0,16015369,0
1,36,1,3,10,5,32964969,0,0,0,0,23489211,0
1,40,0,2,10,3,23008747,1,0,0,0,20019213,0
1,56,0,2,8,5,26291898,0,1,0,1,46711493,0
1,27,1,4,9,5,26692283,0,0,0,0,30028818,0
1,22,1,2,3,4,24023056,0,0,0,1,48046112,0
1,32,0,4,10,5,12678834,1,0,0,1,19044944,0
1,86,0,0,1,1,36034581,0,0,0,0,30028818,0
1,57,0,4,6,6,42707652,0,0,0,0,30028818,0
1,27,1,3,10,5,26692283,0,0,0,0,30028818,0
1,19,1,1,10,5,26692283,0,0,0,0,30028818,0
1,68,1,0,1,5,26692283,0,0,0,0,30028818,0
1,28,1,3,7,5,46711496,0,0,0,0,53384566,0
1,52,1,4,3,5,26692283,0,0,0,0,30028818,0
0,21,1,2,10,4,20019212,1,0,0,1,18684598,0
1,26,0,1,8,5,26692283,0,0,0,0,30028818,0
0,45,0,1,7,2,18417675,1,0,0,0,30028818,0
1,30,1,2,10,5,26692283,0,0,0,0,30028818,0
0,26,0,1,10,5,26692283,0,0,0,0,30028818,0
1,51,1,1,3,4,13679795,0,1,0,0,26024977,0
1,25,1,3,8,5,12278451,0,0,1,1,80076847,0
1,23,0,5,9,6,74071088,0,0,1,1,30028818,0
1,29,1,4,9,6,37369198,1,0,0,1,37369196,0
1,91,0,0,8,5,26692283,0,0,0,0,30028818,0
1,32,0,3,10,4,29895358,0,0,1,1,30028818,0
1,66,0,0,1,5,26692283,0,0,0,0,30028818,0
1,47,1,1,7,7,13746526,1,0,0,0,19578791,0
1,25,1,4,12,6,84080696,1,0,0,0,6406148,1
1,27,1,3,9,5,26692283,0,0,0,0,30028818,1
1,21,1,1,10,5,26692283,0,0,0,0,30028818,0
1,72,0,0,5,1,26692283,0,0,0,0,30028818,0
1,25,1,0,10,2,25357668,0,0,1,1,46711493,0
1,18,0,0,9,5,26692283,0,0,0,0,30028818,1
1,39,1,6,8,8,26692283,1,0,0,1,71762204,1
1,19,1,2,1,5,26692283,0,0,0,0,30028818,0
1,20,1,3,7,5,26692283,0,0,0,0,30028818,0
1,34,1,5,11,7,68065324,0,1,0,0,11210759,0
1,36,1,5,8,7,11344221,0,1,0,1,73403783,0
1,22,1,2,10,4,10145737,0,1,0,1,10143067,0
1,19,1,1,10,5,26692283,0,0,0,0,30028818,0
1,80,0,2,1,4,2535767,0,1,0,0,1227845,1
0,36,1,4,10,5,26692283,0,0,0,0,30028818,1
1,28,1,4,8,6,29308126,0,0,0,1,30028818,0
1,25,1,3,13,5,26692283,0,0,0,0,30028818,0
1,51,0,0,9,1,81411463,0,1,0,0,30028818,0
1,59,0,0,7,5,26692283,0,0,0,0,30028818,0
1,29,1,5,10,5,26692283,0,0,0,0,30028818,0
1,32,1,4,9,6,12732219,0,0,1,1,14680755,0
1,53,0,3,1,5,26692283,0,0,0,0,30028818,1
1,30,1,1,9,3,21353827,0,1,0,0,2936151,0
1,24,1,3,10,5,26692283,0,0,0,0,30028818,0
1,69,0,0,1,5,26692283,0,0,0,0,30028818,1
1,38,0,2,8,4,64061481,1,0,0,1,28026898,0
1,19,1,2,8,5,26692283,0,0,0,0,30028818,0
0,58,1,3,8,5,26692283,1,0,0,0,1601537,0
1,47,1,4,9,6,10676913,0,1,0,0,12011527,0
1,21,1,3,3,5,66730708,1,0,0,0,13346142,1
1,22,0,3,12,5,26692283,0,0,0,0,30028818,0
1,36,1,3,10,5,26692283,0,0,0,0,30028818,1
1,35,1,8,8,5,26692283,0,0,0,0,30028818,0
1,25,1,7,7,9,49380727,1,0,0,0,80076847,0
1,42,1,4,8,5,26692283,0,0,0,0,30028818,0
1,22,1,2,11,4,73403783,1,0,0,1,38703811,0
1,26,1,4,8,5,26692283,0,0,0,0,30028818,0
1,22,1,1,16,3,2936151,0,0,0,0,30028818,0
1,29,1,2,10,4,10676913,0,0,0,1,12185027,1
1,41,0,0,11,1,20019212,0,0,1,0,10409991,0
1,20,1,3,10,5,11891412,0,0,0,1,37369196,0
1,67,1,4,10,6,13346142,0,1,0,1,27759974,0
1,31,1,3,10,5,26692283,0,0,0,0,30028818,0
1,68,0,0,1,2,33365355,1,0,0,0,26692283,0
1,25,1,3,10,5,24023056,1,0,0,0,80076849,1
1,22,1,2,10,5,26692283,0,0,0,0,30028818,1
1,24,1,2,8,4,19391944,0,0,0,0,15348064,1
1,32,1,5,10,7,42707653,0,1,0,0,17603559,0
1,32,1,4,10,6,72736468,0,0,0,1,30028818,0
1,58,1,0,3,4,96092218,0,1,0,0,30028818,0
1,23,1,3,10,5,26692283,0,0,0,0,30028818,0
1,24,1,3,10,5,26692283,0,0,0,0,30028818,0
1,48,1,5,7,5,26692283,0,0,0,0,30028818,0
1,35,1,6,12,8,21727518,1,0,0,0,66730708,0
1,78,0,0,1,5,26692283,0,0,0,0,30028818,1
1,29,1,2,9,4,12545373,0,0,0,1,72069163,0
1,23,1,4,9,6,13346142,0,0,0,0,26692283,0
1,26,1,4,8,6,53384566,0,1,0,0,28827665,0
1,29,1,2,8,4,53384566,0,0,0,1,74738393,1
1,34,1,2,10,4,12011528,0,0,1,1,30696127,0
0,21,1,0,10,2,93422991,1,0,0,0,45376883,0
1,29,1,1,9,3,17349985,1,0,0,0,48046112,0
1,35,1,6,10,8,37369196,0,1,0,0,33365355,0
1,24,1,3,9,5,26692283,0,0,0,0,30028818,0
1,35,1,4,10,6,1601537,0,1,0,1,14947679,0
0,35,1,0,7,2,93422985,1,0,0,1,19351906,0
1,32,1,4,10,6,28026897,0,1,0,0,15348063,0
1,40,1,3,19,5,26692283,0,1,0,0,85415306,0
1,20,1,1,8,3,2936151,1,0,0,1,66730709,0
1,54,0,0,9,1,26692283,0,1,0,0,12011528,0
1,31,1,5,9,7,54051876,0,1,0,0,71535316,0
0,63,0,0,8,5,26692283,0,0,0,0,30028818,0
1,27,1,3,14,5,60057635,0,1,0,0,90753765,0
1,36,0,4,10,6,26692283,0,0,1,0,86082611,0
0,52,0,2,9,4,33365355,1,0,0,0,61926098,1
1,19,1,1,10,5,26692283,0,0,0,0,30028818,0
1,23,1,3,9,5,93422991,0,1,0,0,59256868,1
1,31,0,2,10,3,12144989,0,0,1,1,35233815,0
0,20,1,1,9,5,26692283,0,0,0,0,30028818,0
1,27,1,2,8,4,24556902,0,0,0,0,94757605,0
1,29,0,9,8,5,26692283,0,0,0,0,30028818,1
1,36,1,5,9,7,22021134,0,1,0,1,1601537,1
1,34,1,4,14,7,26692283,0,0,1,1,30028818,0
1,22,1,2,9,4,14680755,0,1,0,0,26692283,1
1,28,1,7,10,9,39371116,0,0,1,1,42707653,1
1,22,1,1,1,3,15881909,0,0,0,0,21353827,0
1,30,1,6,10,8,28694205,1,0,0,1,66730709,0
1,23,1,0,9,2,17349985,0,0,0,0,30028818,0
1,17,1,4,9,5,26692283,0,0,0,0,30028818,0
1,25,1,4,10,5,26692283,0,0,0,0,30028818,0
1,23,1,1,10,3,29361513,1,0,0,0,30028818,0
1,24,1,3,10,5,37903044,1,0,0,1,16682676,0
1,23,1,4,9,6,13346142,0,1,0,0,20286135,0
1,33,0,4,10,5,29601741,0,1,0,1,15681717,0
1,30,0,3,13,5,26692283,0,0,0,0,30028818,0
1,25,0,3,10,4,26692283,1,0,0,1,30028818,0
1,32,1,4,8,6,40038425,0,0,0,0,67758365,0
1,43,1,6,6,9,66730708,0,0,1,1,18017291,0
1,42,1,2,9,4,74738393,0,1,0,0,60858407,0
1,37,1,6,10,9,40038425,0,0,1,1,17083061,0
1,41,0,3,14,4,13879987,0,0,1,1,19585463,0
1,31,0,5,10,5,26692283,0,0,0,0,30028818,0
1,55,0,4,6,5,26692283,0,0,0,0,30028818,0
1,61,1,0,4,2,13346141,0,1,0,0,11878066,0
1,47,1,2,1,5,20419598,0,1,0,0,43775349,1
1,21,1,2,10,3,65396094,0,0,0,1,40038424,0
1,34,0,1,9,3,31363434,1,0,0,0,93422985,0
0,20,1,1,9,5,26692283,0,0,0,0,30028818,0
0,42,0,1,10,5,26692283,0,0,0,0,30028818,0
1,31,1,2,9,5,26692283,0,0,0,0,30028818,1
1,26,1,2,9,4,46711493,0,0,0,1,30429204,0
0,23,1,1,10,2,26692283,0,1,0,0,93422991,0
1,25,1,4,9,5,26692283,0,0,0,0,30028818,0
1,47,1,0,5,5,26692283,0,0,0,0,30028818,0
1,41,0,3,10,4,53384566,1,0,0,0,20553058,0
1,58,1,0,9,5,26692283,0,0,0,0,30028818,1
1,23,1,1,10,3,27493052,0,1,0,0,17083061,0
1,20,1,4,10,6,37369196,1,0,0,0,56053796,0
1,19,1,2,9,5,26692283,0,0,0,0,30028818,0
1,22,1,0,10,2,53384566,1,0,0,1,53384566,1
1,35,1,2,12,4,29228051,1,0,0,0,90753765,0
1,36,1,3,8,6,40038424,0,0,0,0,20019212,0
1,36,1,7,14,5,26692283,0,0,0,0,30028818,1
1,32,1,2,9,4,42707653,0,0,0,1,21353827,0
1,43,1,3,10,5,60057635,1,0,0,0,50715337,1
1,44,1,5,8,7,70734549,1,0,0,0,10676913,0
1,49,1,4,8,7,26692283,0,0,0,0,53384566,0
1,34,1,3,10,5,13479604,0,0,0,0,20019212,0
1,34,0,3,1,5,14680755,0,1,0,1,74738393,0
1,36,1,4,14,6,2175421,1,0,0,0,1601537,0
1,37,0,2,9,5,26692283,0,0,0,0,30028818,0
1,57,1,4,1,7,26692283,1,0,0,0,40038424,0
1,61,0,0,1,5,26692283,0,0,0,0,30028818,1
1,29,1,4,9,5,26692283,0,0,0,0,30028818,0
1,58,1,3,9,5,26692283,0,0,0,0,30028818,0
1,45,1,3,9,6,19618828,0,1,0,0,26692283,0
1,31,1,4,9,6,70734549,1,0,0,0,48046112,0
1,23,1,3,10,5,40038424,0,0,0,1,50715337,0
1,36,1,4,10,7,47512264,1,0,0,0,42040348,0
1,35,1,3,10,6,2268844,0,0,0,1,80076847,0
1,21,1,2,8,5,26692283,0,0,0,0,30028818,0
1,23,1,5,6,5,26692283,0,0,0,0,30028818,0
1,48,1,8,8,5,26692283,0,0,0,0,30028818,0
1,35,1,5,14,7,50715337,1,0,0,0,85415306,0
1,19,0,0,1,2,26692283,0,1,0,0,73937621,0
1,73,0,0,1,2,20819981,0,1,0,0,13346142,1
1,36,1,2,7,4,46711496,0,0,1,1,30028818,0
1,40,1,3,4,5,26692283,0,0,0,0,30028818,0
1,19,1,2,11,4,38703811,1,0,0,0,80076847,0
1,37,0,2,7,5,26692283,0,0,0,0,30028818,0
1,18,1,3,9,4,6406148,0,0,1,1,3203074,0
1,37,1,5,10,7,91020679,1,0,0,0,10143067,0
1,21,1,3,5,5,44042268,0,0,0,0,18684598,1
1,37,0,4,9,5,13012488,0,0,1,1,30028818,0
1,22,0,3,8,7,36034582,0,0,0,1,93422991,1
1,26,1,2,11,4,23489211,0,1,0,0,17750368,0
1,35,1,3,10,5,46711493,1,0,0,0,15815178,0
0,25,0,0,8,5,26692283,0,0,0,0,30028818,0
0,51,0,2,14,3,26692283,0,1,0,0,58723021,0
1,49,1,0,14,3,14680757,0,0,0,0,80076847,0
1,81,0,1,1,5,26692283,0,0,0,0,30028818,1
1,25,0,3,10,4,29895358,1,0,0,0,30028818,0
1,34,1,5,10,8,13613064,0,0,0,0,53384566,0
1,27,1,3,8,5,26692283,0,0,0,0,30028818,0
1,67,1,3,1,5,24690361,0,1,0,0,18951521,1
1,56,1,2,14,5,26692283,0,0,0,0,30028818,0
1,32,1,4,14,6,11210759,0,1,0,1,22955364,0
1,33,1,8,10,10,14814218,0,1,0,0,10837068,0
1,19,1,2,7,5,26692283,0,0,0,0,30028818,1
0,20,0,0,14,2,10676913,1,0,0,0,53384566,0
1,26,1,4,12,6,26692283,0,1,0,1,30028818,0
1,18,1,3,8,4,66730708,0,0,0,1,18284214,0
1,31,1,1,4,5,26692283,0,0,0,0,30028818,0
1,32,1,2,1,4,28133665,0,0,1,1,46711496,0
1,22,1,2,9,4,17349985,1,0,0,1,20019212,0
1,40,1,6,7,9,42707653,0,0,0,0,36034582,0
1,46,0,3,9,5,26692283,0,0,0,0,30028818,1
1,19,1,2,12,5,26692283,0,0,0,0,30028818,0
1,35,1,7,5,5,26692283,0,0,0,0,30028818,0
1,34,1,3,10,5,1134422,0,1,0,1,2268844,0
1,24,1,3,10,5,1601537,1,0,0,1,77474351,0
1,20,1,2,10,4,26692283,1,0,0,0,11210759,0
1,21,1,1,7,3,41373043,0,0,0,0,45376883,1
1,33,1,2,7,5,26692283,0,0,0,0,30028818,0
1,35,1,3,10,5,66730708,0,0,1,1,6406148,0
1,34,1,3,14,5,26692283,0,0,0,0,30028818,0
1,31,1,4,10,5,26692283,0,0,0,0,30028818,0
1,22,1,5,9,7,40705733,0,0,0,1,88084536,0
1,23,1,2,9,4,14680755,1,0,0,0,29895358,0
1,17,1,1,9,5,26692283,0,0,0,0,30028818,0
1,56,1,3,7,5,26692283,0,0,0,0,30028818,0
1,22,1,2,9,4,20553057,1,0,0,0,66730709,0
1,41,0,5,14,8,15481524,0,1,0,0,21353827,0
1,28,0,3,13,4,14680755,0,0,1,1,30028818,0
1,45,1,1,10,5,26692283,0,0,0,0,30028818,0
1,26,1,3,11,5,98361063,0,0,0,0,10276529,0
1,26,1,3,9,5,10676913,0,0,1,1,40038424,0
1,29,1,1,3,3,25357668,0,1,0,0,86749926,0
1,41,1,4,8,6,26692283,0,1,0,1,3203074,0
1,58,0,1,9,4,18684598,1,0,0,0,30028818,1
1,22,1,5,11,7,69399935,0,1,0,0,11878066,0
1,22,1,1,7,3,18684598,1,0,0,0,10676913,0
1,58,0,0,1,2,26692283,0,0,1,1,53384566,0
1,29,1,3,8,5,422005,0,1,0,1,16135486,0
1,23,1,3,10,5,80076847,0,0,1,1,21353827,0
1,24,1,0,5,3,18684598,0,0,0,0,46711493,1
0,35,1,7,10,5,26692283,0,0,0,0,30028818,0
1,49,0,1,11,2,40038424,0,0,1,1,56053796,0
1,40,0,1,8,3,50715337,0,1,0,1,43775349,0
1,21,1,1,9,3,40038424,1,0,0,0,36034582,0
1,41,1,6,7,8,72069163,1,0,0,0,10676913,0
0,21,0,1,10,3,33365355,0,0,0,0,30028818,0
1,32,1,2,9,4,30696127,1,0,0,1,14947679,0
1,28,1,2,10,4,70734549,1,0,0,0,33365355,0
1,34,1,3,10,5,33365355,0,1,0,0,42707653,0
1,51,1,7,9,11,16642637,0,1,0,1,4874011,0
1,22,1,4,7,6,36835351,0,0,0,1,10009606,0
1,32,1,6,6,8,23355746,0,0,0,0,30028818,0
1,56,1,0,7,2,35367274,0,0,1,1,6406148,0
0,81,0,1,16,2,66730708,0,0,0,0,30028818,0
1,30,1,3,9,5,14680755,0,0,1,1,18684598,1
1,20,1,2,8,3,21353827,0,0,0,0,10943837,0
1,28,1,4,8,6,20019212,1,0,0,0,28026898,1
1,27,1,3,9,5,262919,0,1,0,1,56053796,0
1,24,1,2,12,4,80076849,0,0,1,1,22154593,0
1,39,0,4,7,5,26692283,0,0,0,0,30028818,1
1,43,1,2,8,4,28347204,0,1,0,1,19712252,0
0,27,1,0,10,2,25357668,0,0,1,1,13813256,0
1,31,1,3,10,5,26692283,0,0,0,0,30028818,0
1,48,1,2,1,5,26692283,0,0,0,0,30028818,0
1,30,1,6,8,8,66730708,1,0,0,1,51249185,1
1,29,1,5,9,7,17349985,0,0,1,1,36034582,0
1,36,0,2,3,3,52049953,0,1,0,1,93422985,0
1,25,1,4,10,6,1601537,0,1,0,1,35233814,1
1,38,1,0,8,2,26692283,0,1,0,0,26692283,0
1,34,1,6,8,10,84748001,1,0,0,0,20019212,0
1,27,1,3,10,5,33365355,1,0,0,1,18684598,0
1,19,1,2,10,5,26692283,0,0,0,0,30028818,0
0,61,0,0,9,5,26692283,0,0,0,0,30028818,0
1,28,1,9,8,12,3122997,1,0,0,0,33365355,0
1,47,1,3,5,5,26692283,0,0,0,0,30028818,0
1,22,1,4,9,7,8505496,1,0,0,0,33365355,0
1,20,1,2,9,4,59924173,0,0,0,0,30028818,0
1,28,1,4,10,6,13346142,1,0,0,0,46711493,0
1,25,1,2,9,4,12812296,1,0,0,0,40038425,0
1,26,1,2,10,4,2936151,1,0,0,1,30028818,0
1,30,1,5,10,7,30696124,0,0,1,1,30028818,1
1,29,0,4,10,5,26692283,0,0,0,0,30028818,1
1,27,1,2,8,5,26692283,0,0,0,0,30028818,0
1,40,1,1,5,3,93422991,0,1,0,0,94624138,1
1,37,1,6,4,9,40038425,0,0,0,0,42707653,0
0,35,0,0,8,1,40038425,0,0,0,0,5765533,0
0,30,0,1,10,2,80076849,0,0,0,0,30028818,0
0,36,1,1,8,5,26692283,0,0,0,0,30028818,0
1,58,0,0,1,2,56053796,0,0,1,1,37369196,0
1,45,1,6,9,5,26692283,0,0,0,0,30028818,0
0,39,0,2,6,5,26692283,0,0,0,0,30028818,0
1,34,1,3,10,5,26692283,0,0,0,0,30028818,0
1,25,1,2,10,5,26692283,0,0,0,0,30028818,0
1,46,1,6,10,5,26692283,0,0,0,0,30028818,0
1,29,1,3,12,5,37903042,0,0,0,0,30028818,0
1,35,1,5,7,7,52049952,1,0,0,0,51249185,0
1,40,1,2,1,5,61392248,0,1,0,0,77407622,0
1,20,1,2,10,4,58723027,0,1,0,0,15748446,1
1,28,0,4,10,5,18684598,0,1,0,1,34166121,0
1,48,1,3,9,7,17883829,0,1,0,0,10676913,0
1,21,1,2,10,4,26692283,1,0,0,1,11677875,0
1,25,1,3,10,5,26692283,0,0,0,0,30028818,1
1,28,1,2,10,4,34699969,0,0,0,0,30028818,0
1,35,0,2,8,3,66730708,0,1,0,1,24690361,0
1,52,1,1,8,4,26692283,0,1,0,0,30028818,0
1,28,1,2,14,4,10009606,0,1,0,1,32084126,0
1,32,1,6,8,8,11611143,0,1,0,1,35233815,0
1,32,1,0,1,2,19351906,0,0,0,0,84080696,0
1,20,1,3,10,6,36701891,0,1,0,1,13346142,0
1,61,0,0,1,5,26692283,0,0,0,0,30028818,1
1,49,1,6,10,9,69399939,0,1,0,0,18684598,0
1,35,1,5,10,8,15081141,0,0,0,1,6406148,0
0,66,0,0,9,1,14894294,1,0,0,0,57254949,0
1,63,1,3,10,6,24023056,0,1,0,1,53384566,0
1,31,1,3,10,5,26692283,0,0,0,0,30028818,1
1,37,0,6,10,5,26692283,0,0,0,0,30028818,0
1,27,1,4,10,5,26692283,0,0,0,0,30028818,0
1,20,1,2,12,5,26692283,0,0,0,0,30028818,0
1,31,1,3,9,5,18684598,1,0,0,0,6406148,1
1,28,1,5,8,5,26692283,0,0,0,0,30028818,0
1,49,0,2,8,5,26692283,0,0,0,0,30028818,1
1,23,1,1,10,3,13679795,0,1,0,0,10676913,1
1,21,1,3,2,6,10676913,0,1,0,1,80076847,0
1,87,0,0,6,1,53384566,0,0,0,0,53384566,1
0,45,0,0,9,1,10009606,1,0,0,0,13346142,0
1,24,0,3,10,5,12678834,0,1,0,0,93422985,0
1,35,0,5,9,6,10676913,0,0,1,1,80076849,0
1,19,1,1,9,5,26692283,0,0,0,0,30028818,0
1,25,1,2,14,4,14680755,1,0,0,0,10276529,1
1,46,0,0,12,1,58189178,1,0,0,0,71535316,0
1,38,0,4,10,6,26692283,0,0,0,0,42707653,1
1,30,1,4,14,6,53384566,0,1,0,1,65396094,0
1,28,1,2,9,4,73403776,0,1,0,1,20553058,0
1,22,1,3,9,5,26692283,0,0,0,0,30028818,0
1,30,1,4,10,6,26692283,0,1,0,1,80076847,0
1,48,1,3,9,5,21353826,0,1,0,0,53384566,0
0,54,0,5,11,5,26692283,0,0,0,0,30028818,0
1,22,1,2,10,4,28694205,1,0,0,0,30028818,1
1,22,1,4,9,6,57388411,0,0,1,1,48046109,1
1,34,1,2,10,4,25357668,0,0,0,1,20019213,0
1,20,1,3,9,5,53384566,1,0,0,1,42707653,0
1,24,1,5,10,7,13346142,0,1,0,0,1601537,1
1,23,1,2,10,4,53384566,1,0,0,0,30389163,0
1,19,1,1,10,3,20019212,1,0,0,0,26692283,0
1,35,0,7,10,8,80076849,1,0,0,0,92088377,0
1,21,1,3,11,5,60057635,0,0,1,1,3203074,0
1,40,1,2,9,7,10543451,0,0,0,1,42707653,0
1,24,1,2,10,4,14413833,0,0,0,0,69399939,0
1,61,1,4,6,6,52049952,0,1,0,0,40038424,0
0,45,0,0,14,1,34166121,0,0,1,1,69933782,0
1,22,1,1,10,3,56053796,0,1,0,0,12812296,0
1,31,0,3,10,4,21754211,0,0,1,1,10276529,0
0,56,0,0,6,5,26692283,0,0,0,0,30028818,0
1,19,1,1,9,3,41373043,0,0,1,1,49647646,0
0,41,0,0,14,5,26692283,0,0,0,0,30028818,1
1,37,1,5,10,8,21086905,0,0,0,0,42707653,0
1,18,1,3,10,5,26692283,0,0,0,0,30028818,0
1,21,1,0,1,2,22688441,0,0,1,1,53384566,0
0,42,0,1,11,5,26692283,0,0,0,0,30028818,0
1,34,1,3,5,5,42440729,0,0,0,0,54719181,1
1,22,1,1,14,3,69399939,0,0,0,0,26692283,0
1,24,1,3,9,5,26692283,0,0,0,1,30028818,1
1,28,1,2,10,4,64862247,1,0,0,0,39237657,0
1,60,0,0,1,4,26692283,0,1,0,0,33365355,0
1,19,1,1,10,3,20019212,0,1,0,0,30028818,0
1,43,1,5,9,7,1601537,0,1,0,0,24289978,1
1,23,1,4,10,6,1245195,0,1,0,0,38370156,0
0,22,1,2,8,5,26692283,0,0,0,0,30028818,0
1,44,1,8,13,5,26692283,0,0,0,0,30028818,0
1,33,1,4,17,5,26692283,0,0,0,0,30028818,0
1,18,1,2,10,3,76073008,1,0,0,0,30028818,0
1,20,1,2,8,4,12011528,0,0,0,1,69666858,0
1,65,0,1,1,2,58723027,0,0,1,1,10676913,0
1,28,1,6,10,5,26692283,0,0,0,0,30028818,0
1,24,1,4,9,6,20686522,0,1,0,0,93422991,0
1,35,0,2,9,4,93422985,0,0,1,1,93689919,0
1,26,1,5,7,5,26692283,0,0,0,0,30028818,0
1,35,1,7,10,9,14013449,0,1,0,0,45910726,1
1,24,1,2,10,5,26692283,0,0,0,0,30028818,0
1,28,1,1,9,3,93422991,1,0,0,0,30028818,0
1,26,1,8,10,10,73136854,0,1,0,1,27626514,0
1,55,1,4,1,5,26692283,0,0,0,0,30028818,0
1,52,0,4,9,6,3203074,0,0,1,1,53384566,1
1,17,1,2,8,5,26692283,0,0,0,0,30028818,0
1,17,1,4,7,5,26692283,0,0,0,0,30028818,1
1,25,1,3,9,5,83413382,0,0,0,1,42707653,0
1,47,1,1,12,3,36835351,0,1,0,0,524837,0
1,28,0,2,10,3,60057635,0,0,0,0,40038424,0
1,18,1,2,8,5,26692283,0,0,0,0,30028818,0
1,28,1,3,10,5,20019212,0,0,1,1,13346142,0
0,22,1,2,11,5,26692283,0,0,0,0,30028818,1
0,24,0,0,8,1,10676913,1,0,0,0,48046112,0
1,30,1,3,10,5,26692283,0,0,0,0,25624592,0
1,43,0,3,10,4,26692283,1,0,0,0,21353827,0
1,25,1,1,9,4,11063951,1,0,0,1,30696127,0
1,24,1,2,11,4,26692283,0,0,0,0,21353827,0
1,19,1,0,7,2,43775347,0,0,0,0,30028818,0
1,28,1,2,10,4,15348064,0,1,0,0,25624592,0
1,30,1,3,12,5,76740313,1,0,0,0,33365355,0
1,50,1,2,12,5,62726865,0,1,0,0,18417675,1
1,26,1,2,5,3,1601537,1,0,0,0,24023056,0
1,71,1,3,1,7,13025835,0,1,0,0,64728785,0
1,32,1,2,10,4,93422991,0,1,0,1,49380727,0
1,25,0,1,11,2,26692283,0,0,0,0,30028818,0
1,25,1,4,8,6,2936151,0,1,0,0,2012598,0
1,37,1,6,14,8,75405703,0,0,0,0,50715337,0
1,27,1,3,10,5,30802896,0,0,1,1,30028818,0
1,34,0,5,7,6,27759975,0,0,0,0,3203074,0
1,66,1,0,3,3,10543453,0,0,0,0,28026898,0
1,31,1,1,13,5,26692283,0,0,0,0,30028818,0
1,20,1,3,7,5,26692283,0,0,0,0,30028818,0
1,47,1,4,1,7,22421517,1,0,0,1,25624592,0
1,27,1,5,10,7,12011527,0,0,1,1,48046112,0
1,30,1,0,9,2,68065324,0,0,0,0,40038424,0
1,53,0,2,9,3,80076847,0,0,1,1,42707653,0
1,32,1,5,8,7,15334717,0,1,0,1,13346142,1
1,23,1,2,10,4,66730708,1,0,0,0,13346142,0
0,38,0,1,9,2,73804164,0,0,0,0,22955363,0
1,61,1,3,8,5,1601537,1,0,0,1,16816138,0
1,43,1,3,10,5,12011528,0,1,0,0,33365354,0
1,24,1,3,10,5,53918409,1,0,0,0,74738393,0
1,42,1,7,8,9,18684598,0,1,0,0,69399939,1
1,22,1,2,8,4,73403776,1,0,0,0,6406148,1
1,52,1,5,11,5,26692283,0,0,0,0,30028818,0
1,29,1,3,9,5,20286135,1,0,0,0,3203074,0
1,36,0,3,14,4,46711493,0,0,0,0,11477681,0
1,22,1,3,6,5,28293822,0,0,0,0,6406148,0
1,23,1,1,4,3,66730709,0,0,0,1,98761444,0
1,23,1,3,12,5,15935293,0,0,0,1,30028818,0
1,34,1,6,10,8,14680755,0,0,1,1,14013449,0
1,39,1,4,10,6,13346142,0,0,1,1,93422991,0
1,17,1,2,4,5,26692283,0,0,0,0,30028818,0
1,25,1,3,6,5,53384566,0,1,0,1,14947679,0
1,81,0,0,1,2,26692283,1,0,0,0,54719181,1
1,29,1,3,10,5,15348064,0,1,0,1,13879988,0
1,24,1,3,9,5,26692283,0,0,0,0,30028818,0
1,20,1,3,10,5,80076847,0,1,0,1,21353827,0
1,28,1,2,7,4,1601537,0,1,0,0,13105911,0
1,40,1,4,6,5,26692283,0,0,0,0,30028818,0
1,36,1,4,10,5,26692283,0,0,0,0,30028818,0
1,40,1,2,9,4,26692283,0,0,1,1,58723021,0
1,35,1,2,10,4,26692283,0,1,0,0,10676913,0
1,29,1,4,12,6,36701891,0,1,0,0,1601537,0
1,42,0,3,4,5,26692283,0,0,0,0,30028818,1
1,18,1,3,10,4,26692283,1,0,0,0,72069163,1
1,25,1,3,10,5,10676913,0,0,0,0,18684598,0
1,26,1,6,4,8,53384566,0,0,0,0,34699969,0
1,28,1,4,8,6,18417675,0,1,0,0,52049952,0
0,33,1,2,10,4,1321268,0,0,0,1,25357668,0
1,21,1,2,10,5,26692283,0,0,0,0,30028818,0
1,25,0,6,8,7,80076851,0,1,0,0,44042268,0
1,18,1,2,11,3,26024976,1,0,0,0,30028818,0
1,26,1,4,10,6,93422991,0,1,0,0,67531476,0
1,25,1,4,6,7,20019212,0,0,0,0,30028818,1
1,65,1,1,10,5,86749923,0,1,0,0,6406148,0
1,27,0,5,12,5,26692283,0,0,0,0,30028818,0
1,23,1,2,10,4,26692283,0,0,0,0,30028818,1
1,23,1,3,14,5,26692283,0,0,0,0,30028818,0
1,29,1,3,9,5,44042268,0,0,0,0,10676913,0
0,29,1,4,13,5,26692283,0,0,0,0,30028818,0
1,29,1,1,10,3,62726865,0,1,0,0,48046112,1
1,40,1,0,7,2,40038424,1,0,0,0,11744605,0
1,41,0,4,8,7,38703811,0,0,0,1,26692283,1
1,34,1,5,8,5,26692283,0,0,0,0,30028818,0
0,36,1,1,14,3,20019213,0,0,0,1,46711493,0
1,23,1,1,14,3,25357668,0,0,0,0,56053796,0
0,42,0,0,10,5,26692283,0,0,0,0,30028818,0
1,25,1,4,7,6,2268844,0,1,0,1,66597252,1
1,57,1,5,9,9,3203074,0,1,0,0,325112,0
1,32,1,4,9,6,50715337,0,1,0,0,20152674,0
1,31,1,3,10,5,11611143,0,0,0,0,23222287,0
1,24,1,4,8,6,26692283,0,0,1,1,21353827,0
1,21,1,2,10,4,28694205,0,0,0,0,42707653,0
1,44,1,5,12,5,26692283,0,0,0,0,30028818,0
1,23,1,2,10,5,26692283,0,0,0,0,30028818,0
1,42,1,1,8,3,40038425,0,1,0,0,37369196,0
1,22,1,2,10,4,37903044,0,0,1,1,17349984,0
1,25,1,5,6,7,66730709,1,0,0,0,12812296,1
0,37,0,0,14,5,26692283,0,0,0,0,30028818,0
1,25,1,3,10,5,19805674,0,0,0,0,18684598,1
1,21,1,3,11,5,26692283,0,0,0,0,30028818,0
1,41,1,8,9,5,26692283,0,0,0,0,30028818,0
1,31,1,2,12,5,26692283,0,0,0,0,30028818,1
1,20,1,3,16,5,3203074,0,1,0,0,18684598,0
1,41,1,4,10,6,37502658,1,0,0,0,40038424,0
1,21,1,2,14,5,26692283,0,0,0,0,30028818,0
1,28,1,6,7,8,17349985,0,1,0,0,37369196,0
1,37,1,5,8,8,24023054,0,0,1,1,89085493,0
1,26,1,2,8,4,92088375,0,1,0,0,11717913,0
1,21,1,2,8,4,14680755,1,0,0,1,56053796,0
1,24,1,2,10,4,53384566,0,1,0,1,16682676,0
1,18,1,2,10,3,21620749,0,0,0,0,13172642,0
1,51,0,0,6,5,26692283,0,0,0,0,30028818,1
1,19,1,3,9,5,26692283,0,0,0,0,10676913,0
0,48,0,3,6,4,28026898,0,0,0,0,93422985,0
1,32,0,1,8,2,32497857,0,0,1,1,11904758,0
1,44,1,6,9,8,53384566,0,1,0,1,2535767,0
1,37,1,0,1,2,66730708,0,1,0,0,12144989,1
1,28,1,5,10,7,1134422,0,0,1,1,53384566,0
1,42,0,1,7,3,10676913,0,0,0,0,70734549,0
1,22,1,2,10,4,25357668,0,0,1,1,10943836,0
1,60,0,1,9,3,66730708,0,1,0,0,50314951,0
1,34,1,5,7,7,1601537,0,1,0,0,36568427,0
1,43,0,2,8,4,10076337,1,0,0,0,14814218,1
1,73,0,0,4,5,26692283,0,0,0,0,30028818,0
1,36,1,4,9,7,13346142,0,1,0,1,18317579,0
1,34,1,3,10,5,46444573,0,0,0,0,21353827,0
1,32,1,5,7,7,46711493,0,1,0,0,10676913,0
1,30,1,4,9,6,76073008,0,0,1,1,2033952,0
0,35,0,4,10,5,26692283,0,0,0,0,30028818,0
0,33,0,0,9,1,26692283,1,0,0,0,14947679,0
1,23,1,3,10,5,28026898,0,0,1,1,46711493,0
1,17,1,3,10,5,26692283,0,0,0,0,30028818,1
1,43,1,5,13,5,26692283,0,0,0,0,30028818,0
1,36,1,3,6,5,26692283,0,0,0,0,30028818,0
1,49,0,2,4,5,24156517,0,1,0,1,54986105,1
0,18,1,1,6,2,10676913,0,1,0,1,69399939,0
1,61,0,1,1,4,26692283,1,0,0,0,43735309,0
1,43,1,6,9,10,80076849,0,1,0,1,24023056,0
0,52,1,0,9,2,34833429,1,0,0,0,11157374,0
0,62,0,0,9,2,33765738,1,0,0,0,37369196,0
1,76,0,1,1,2,12358527,0,0,0,0,85415304,0
1,61,1,4,12,5,26692283,0,0,0,0,30028818,1
0,43,0,0,9,5,26692283,0,0,0,0,30028818,0
1,23,1,4,10,6,20019212,0,0,0,0,66730709,0
1,22,1,2,9,4,13346142,1,0,0,0,69399939,0
1,41,1,6,10,8,15348064,1,0,0,0,33365355,0
1,45,0,3,5,6,26692283,1,0,0,0,64061481,0
1,76,0,0,5,1,10009606,1,0,0,0,46711493,0
1,28,1,3,8,5,26692283,0,0,0,0,30028818,0
1,31,1,3,6,5,16415755,0,0,1,1,30028818,1
1,47,1,2,1,5,26692283,0,0,0,0,30028818,0
1,30,1,0,8,2,48046112,0,0,1,0,34699969,0
1,37,0,5,3,7,18684598,0,0,1,1,14680757,1
1,23,1,3,8,5,26692283,0,0,0,0,30028818,0
0,65,0,0,10,1,26692283,0,1,0,0,80076847,0
1,34,1,2,14,5,26692283,0,0,0,0,30028818,0
1,37,1,4,9,7,14680755,0,1,0,0,30028818,0
1,29,1,6,9,5,26692283,0,0,0,0,30028818,0
1,31,0,5,5,5,26692283,0,0,0,0,30028818,1
1,26,1,2,8,5,33365355,0,0,0,0,4217381,0
1,26,1,2,14,5,26692283,0,0,0,0,30028818,0
1,61,1,5,7,8,10676913,0,0,1,1,80076847,0
1,27,1,5,9,7,3203074,1,0,0,1,30028818,1
1,80,0,0,1,1,24023056,0,1,0,0,23088825,0
1,46,0,7,5,8,88084536,1,0,0,0,12812296,0
1,35,0,5,8,6,78742236,0,1,0,1,88084536,0
1,25,1,3,10,5,1601537,0,0,1,1,40038424,0
1,35,1,4,10,6,24289978,0,0,1,1,44843035,0
1,26,1,3,8,5,74738393,0,0,0,0,68065324,0
1,44,0,2,9,5,26692283,0,0,0,0,30028818,0
1,36,1,1,10,3,80076849,0,0,0,1,26692283,0
1,28,1,0,9,2,13346142,0,0,1,1,67531476,0
1,45,1,4,7,6,18684598,1,0,0,1,53384566,0
1,49,1,1,9,5,26692283,0,0,0,0,30028818,0
1,37,1,2,10,5,26692283,0,0,0,0,30028818,0
1,25,1,1,14,3,68065324,1,0,0,0,13613065,0
1,45,0,6,8,7,44042268,0,0,0,0,82746086,0
1,30,1,4,9,5,26692283,0,0,0,0,30028818,0
1,35,1,4,10,6,16533201,0,0,1,1,42707653,1
1,25,1,1,10,3,338992,1,0,0,0,34166121,0
1,29,1,4,8,6,42707653,0,0,0,0,40038424,0
1,48,1,4,8,5,26692283,0,0,0,0,30028818,0
1,21,1,0,10,2,27226129,1,0,0,0,37369196,1
0,51,0,0,7,1,12678834,1,0,0,0,21353827,0
1,27,1,3,10,5,26692283,0,0,0,0,30028818,0
1,23,1,4,10,6,28026898,1,0,0,0,76873775,0
1,39,1,7,7,5,26692283,0,0,0,0,30028818,0
1,25,1,5,9,5,26692283,0,0,0,0,30028818,0
1,22,1,1,9,3,13613065,0,0,0,0,30028818,0
1,26,1,2,4,5,66730708,1,0,0,0,90753765,0
1,21,1,3,9,5,30696127,1,0,0,0,42707653,0
1,55,0,7,6,5,26692283,0,0,0,0,30028818,1
1,38,0,2,9,3,25357668,0,1,0,0,93422985,0
0,23,1,1,8,3,46444573,0,0,0,0,54051876,0
1,21,1,1,10,3,44042268,0,1,0,0,28026898,0
1,28,1,5,10,7,1601537,0,1,0,1,10009606,0
1,21,1,0,11,2,53384566,0,0,1,1,39371116,0
1,24,1,5,9,5,26692283,0,0,0,0,30028818,0
1,52,1,4,9,8,33365355,0,1,0,0,53384566,0
1,63,1,0,8,4,2642536,0,0,1,1,10676913,0
0,55,0,2,7,5,26692283,0,0,0,0,30028818,0
0,36,1,4,10,5,26692283,0,0,0,0,30028818,0
1,25,1,0,7,5,26692283,0,0,0,0,30028818,1
0,65,0,0,6,1,26692283,0,1,0,0,13879988,0
1,31,1,3,7,5,93422991,0,1,0,0,28026898,0
1,46,1,1,5,6,60057635,0,0,0,0,10676913,0
1,28,1,3,3,5,17616907,0,0,1,1,53384566,1
1,22,1,3,7,5,66730709,1,0,0,0,17376677,0
1,23,1,1,8,3,86749923,0,1,0,0,71401858,0
0,45,0,2,14,3,53384566,0,1,0,0,11210759,0
1,26,1,4,10,6,53117642,0,0,0,0,1127749,0
1,30,1,3,10,5,33365355,0,0,1,1,30028818,0
1,34,1,4,9,5,26692283,0,0,0,0,30028818,0
1,30,1,6,10,5,26692283,0,0,0,0,30028818,0
1,56,1,2,9,5,10009606,0,1,0,0,6406148,1
1,30,1,1,11,3,70067244,1,0,0,0,72069163,0
1,61,1,5,5,7,66997629,1,0,0,0,6406148,0
1,27,1,4,10,6,13879987,1,0,0,0,56053796,0
1,39,0,2,13,4,26692283,0,1,0,0,21046867,0
1,53,1,6,14,10,10676913,0,0,0,0,11637836,1
1,27,1,1,11,5,26692283,0,0,0,0,30028818,0
1,19,1,1,13,3,45376883,0,0,0,0,13346142,0
1,18,1,1,10,2,15348064,0,0,0,0,43374963,0
1,21,1,2,9,4,20886711,0,0,0,0,28026898,0
1,35,0,1,9,2,88885307,0,1,0,0,73403783,0
1,18,0,1,9,5,26692283,0,0,0,0,30028818,0
1,47,0,1,6,2,68786016,1,0,0,1,1981902,0
1,45,1,10,7,12,11584451,0,1,0,0,14413833,0
1,47,1,4,12,5,26692283,0,0,0,0,30028818,0
1,65,0,1,6,3,22688441,0,1,0,0,24023056,0
1,24,0,1,10,5,26692283,0,0,0,0,30028818,1
1,28,1,1,6,3,15348064,0,1,0,0,57388411,0
1,23,1,3,9,5,62726867,0,0,1,1,22688441,0
1,21,1,2,7,5,26692283,0,0,0,0,30028818,0
1,55,1,3,8,5,10676913,0,1,0,0,53384566,0
1,22,1,2,10,5,26692283,0,0,0,0,30028818,0
0,64,0,0,1,1,42974577,0,0,0,0,12812296,0
1,46,0,2,9,4,56053796,0,1,0,1,33365353,0
1,29,1,6,12,5,26692283,0,0,0,0,30028818,0
1,65,1,1,5,3,49380727,1,0,0,0,30028818,0
1,52,1,4,7,6,80076849,0,1,0,0,42707653,1
1,28,1,3,10,5,66730709,0,1,0,0,68599172,0
0,25,1,4,10,5,26692283,0,0,0,0,30028818,0
1,49,1,0,2,5,26692283,0,0,0,0,30028818,1
1,24,1,2,8,4,80076849,0,1,0,0,41373043,0
1,21,0,6,14,5,26692283,0,0,0,0,30028818,0
1,42,1,4,10,5,26692283,0,0,0,0,30028818,1
1,23,0,3,10,5,72069162,0,0,0,0,30028818,1
1,48,1,3,9,7,45376883,0,0,0,1,30028818,0
1,27,1,3,8,5,26692283,1,0,0,0,26024976,0
1,33,1,4,10,6,17216522,0,0,0,1,53384566,0
1,23,1,1,12,3,45376883,0,0,1,1,14680757,0
1,78,1,1,5,3,93422991,1,0,0,0,1601537,0
1,63,0,2,1,5,26692283,0,0,0,0,30028818,0
1,54,1,5,9,8,29895357,0,1,0,0,30028818,0
1,46,0,3,9,5,2936151,1,0,0,0,13346142,0
1,27,1,3,8,5,26692283,0,0,0,0,30028818,0
1,31,1,4,10,6,50715337,0,0,0,0,12011528,0
1,29,1,4,9,6,11677875,0,1,0,1,18017292,0
1,39,1,3,8,5,26692283,0,0,0,0,30028818,0
1,42,1,6,8,5,26692283,0,0,0,0,30028818,0
1,22,1,2,8,4,27759974,0,0,0,0,26158438,1
1,24,1,4,9,6,20686522,1,0,0,0,30028818,0
1,24,1,3,6,5,43908806,0,0,0,0,85415304,0
1,20,1,2,11,5,26692283,0,0,0,0,30028818,0
1,55,1,1,8,5,17349985,0,1,0,1,27546436,0
1,23,1,3,6,5,26692283,0,0,0,0,30028818,0
1,23,1,3,9,5,93422985,0,0,1,1,50715337,0
1,24,1,1,10,3,21353827,0,1,0,1,97426832,0
1,23,1,3,10,5,26692283,0,0,0,0,30028818,0
1,29,1,4,9,6,56053796,1,0,0,0,80076847,0
1,27,1,3,10,5,22688441,0,1,0,0,55386491,0
1,51,0,4,4,5,26692283,0,0,0,0,30028818,0
1,18,1,2,10,3,38703811,0,0,0,0,30028818,0
1,27,1,4,8,6,14013449,0,1,0,1,48046112,0
1,20,1,2,10,5,26692283,0,0,0,0,30028818,0
1,49,1,3,12,5,26692283,0,0,0,0,30028818,0
1,32,0,3,6,4,3203074,1,0,0,0,74738393,0
1,46,0,4,5,10,89419146,0,1,0,0,3203074,0
1,28,1,2,9,4,25357668,1,0,0,0,22554979,0
1,82,0,0,1,2,18684598,0,1,0,1,42707653,0
1,31,1,6,9,8,33365355,0,0,0,1,11744604,0
1,36,0,4,9,5,30696127,1,0,0,0,82746086,1
0,33,1,5,10,5,26692283,0,0,0,0,30028818,0
1,48,0,1,7,5,26692283,0,0,0,0,30028818,0
0,36,0,2,10,3,3203074,1,0,0,0,14947679,0
1,25,0,3,9,5,26692283,0,0,0,0,30028818,0
0,54,1,1,6,3,20019213,0,0,0,0,2936151,0
1,22,1,1,8,5,26692283,0,0,0,0,30028818,0
1,31,1,5,10,7,73403776,0,1,0,1,20553058,1
1,25,1,5,11,7,11611143,0,0,0,0,53384566,0
1,24,1,3,5,5,20019212,1,0,0,0,93422991,1
1,34,1,4,8,5,26692283,0,0,0,0,30028818,0
1,37,1,7,11,10,37075581,0,0,0,1,10276529,0
1,49,1,5,13,7,25491131,0,0,0,0,60057635,0
1,51,1,3,9,8,32097469,0,1,0,1,68332243,0
1,20,1,1,10,3,43374963,0,1,0,1,31056473,0
1,22,1,2,10,4,80076849,0,1,0,0,10676913,0
1,26,1,3,10,5,14680755,0,1,0,0,10009606,0
1,45,0,2,9,3,2162075,0,1,0,1,72869935,0
1,22,1,2,10,4,72069162,0,1,0,1,40038424,0
1,62,0,2,5,3,93422991,0,0,1,1,14413832,1
1,39,1,3,1,5,66730708,0,1,0,0,46711493,0
1,29,1,1,10,3,14013449,1,0,0,0,30028818,1
1,41,1,4,8,6,36034582,0,0,0,0,27759974,0
1,22,1,2,8,4,26692283,0,0,0,0,14680755,0
1,20,1,2,9,4,50048032,0,1,0,0,63394175,0
1,22,1,3,6,5,21353827,0,0,1,1,30028818,0
1,27,1,3,7,6,4417573,0,1,0,0,37369196,0
1,30,1,3,1,5,33365354,1,0,0,0,62993789,0
1,19,1,2,10,4,57388411,1,0,0,0,6406148,0
1,36,0,7,1,8,23889594,0,0,1,1,42707653,1
1,23,1,4,10,6,21353827,1,0,0,0,21353827,0
1,31,1,3,9,5,20019212,1,0,0,1,13346142,0
1,24,1,2,9,4,26692283,1,0,0,0,46711493,0
1,25,1,3,10,5,66730708,0,1,0,0,10276529,0
1,33,0,4,10,5,26692283,0,0,0,0,30028818,0
1,25,1,2,3,4,66730708,0,0,1,1,37369196,0
1,33,1,5,7,7,66730708,0,1,0,0,34699969,1
1,59,1,1,1,3,97426832,0,1,0,1,93422985,0
0,28,1,0,9,5,26692283,0,0,0,0,30028818,0
1,65,1,1,5,2,26692283,0,1,0,0,26692283,1
1,36,0,1,9,2,2936151,0,0,0,0,24823823,0
1,22,1,3,9,5,26692283,0,0,0,0,30028818,0
1,22,0,2,7,3,26692283,0,0,0,0,30028818,0
1,20,1,6,9,5,26692283,0,0,0,0,30028818,0
1,20,1,6,10,8,13346142,0,0,0,0,66730709,0
1,30,1,3,10,5,57388411,1,0,0,0,30028818,0
1,21,1,3,10,5,26692283,0,0,0,0,30028818,0
1,29,1,2,9,4,18444368,1,0,0,1,36835351,0
0,49,0,0,10,5,26692283,0,0,0,0,30028818,0
1,32,0,3,9,5,13346142,0,0,1,1,21353827,1
1,26,0,3,7,5,26692283,0,0,0,0,30028818,0
1,26,1,4,11,7,21086905,0,1,0,1,56053796,0
1,24,1,2,9,5,26692283,0,0,0,0,30028818,0
1,30,1,3,10,5,26692283,1,0,0,0,3203074,1
1,27,1,4,9,6,36301506,0,0,1,0,54986105,0
1,38,1,7,10,10,10676913,1,0,0,0,31763816,0
1,22,1,2,13,4,46711496,1,0,0,0,30028818,0
1,20,1,3,9,7,18017291,0,1,0,1,58723021,0
1,36,0,1,18,3,61392255,0,0,0,0,40038424,0
1,26,1,3,9,5,13346142,0,0,0,0,52049952,0
1,26,1,4,8,5,26692283,0,0,0,0,30028818,0
1,39,1,8,10,5,26692283,0,0,0,0,30028818,1
0,28,0,1,11,5,26692283,0,0,0,0,30028818,0
0,52,1,0,8,5,26692283,0,0,0,0,30028818,1
1,27,0,3,10,5,26692283,0,0,0,0,30028818,0
1,29,0,4,8,5,26692283,0,0,0,0,30028818,0
0,46,0,0,8,1,54051876,1,0,0,0,16015369,0
1,80,0,0,1,1,26692283,0,1,0,0,26692283,1
0,39,1,5,8,7,12011528,0,0,0,1,11210759,1
1,56,1,0,9,4,26692283,0,1,0,0,10676913,0
1,29,1,2,9,4,92088375,0,1,0,1,45003189,0
1,33,1,3,10,5,2936151,0,0,1,1,53384566,1
1,55,1,0,1,2,13346142,1,0,0,0,30028818,0
1,27,1,4,10,6,66997633,1,0,0,0,38436887,0
1,34,1,7,6,9,26692283,0,1,0,1,82479153,1
1,75,0,1,4,5,26692283,0,0,0,0,30028818,0
1,22,1,3,9,5,47378802,0,0,0,0,93422991,0
1,64,1,5,7,7,12011528,1,0,0,0,12011528,0
1,30,0,3,9,7,18951522,0,1,0,0,90753765,0
1,31,1,5,10,7,42707653,0,1,0,0,21006826,0
1,25,1,2,6,4,1601537,0,0,0,1,12812296,0
1,26,1,2,10,4,53384566,1,0,0,1,60057635,0
1,23,1,4,6,6,37369196,1,0,0,1,26692283,0
1,33,0,5,8,5,26692283,0,0,0,0,30028818,0
1,26,1,4,10,6,93422994,0,0,1,1,48046112,0
1,20,1,5,8,5,26692283,0,0,0,0,30028818,0
1,39,1,2,10,5,26692283,0,0,0,0,30028818,0
1,38,0,8,14,10,44576116,0,0,1,1,11531066,0
1,27,1,2,10,4,50715337,1,0,0,0,12278451,0
1,21,1,3,10,5,66730708,0,1,0,0,56053796,0
1,35,1,3,8,5,1601537,0,0,1,1,55519948,0
1,66,0,0,1,5,26692283,0,0,0,0,30028818,1
1,27,1,4,10,6,27226129,0,0,0,1,27759974,0
1,41,1,4,10,7,2936151,0,0,0,1,66730709,0
1,23,0,3,10,5,26692283,0,0,0,0,30028818,1
1,23,1,4,13,5,26692283,0,0,0,0,30028818,0
1,21,1,4,10,6,73403776,1,0,0,0,26692283,0
1,23,1,2,12,5,26692283,0,0,0,0,30028818,0
0,27,1,3,8,5,26692283,0,0,0,0,30028818,0
1,30,1,3,10,5,61392255,1,0,0,0,56320715,0
1,28,0,3,7,4,46711496,0,1,0,0,18684598,0
1,43,1,8,9,11,76073008,0,0,1,1,52316875,0
1,35,1,5,8,7,56454177,0,0,0,0,90753765,0
1,35,1,2,10,4,84080696,1,0,0,1,10009606,1
1,36,1,2,14,4,24023056,0,1,0,1,14947679,0
1,24,1,3,4,5,26692283,0,0,1,1,38169963,0
1,29,0,3,9,5,26692283,0,0,0,0,30028818,0
1,43,1,5,8,8,20019212,0,0,0,1,13346142,0
1,35,1,6,10,8,16522522,0,1,0,0,36034584,0
1,22,1,2,10,4,26692283,1,0,0,0,30028818,0
1,32,1,2,14,4,10676913,1,0,0,0,30028818,0
1,21,1,2,10,4,10009606,0,0,0,1,21220366,0
1,26,1,5,10,7,2936151,1,0,0,0,10676913,0
1,26,1,3,10,5,23756132,1,0,0,0,31363432,0
1,65,1,0,10,2,26692283,0,1,0,0,10676913,0
1,30,0,1,6,2,26692283,0,0,0,0,60057635,0
1,32,0,0,10,2,20019212,1,0,0,0,18684598,0
1,29,1,4,12,7,26692283,0,0,0,1,69399939,0
1,22,1,2,8,4,38703811,0,0,0,0,12144989,0
1,38,1,5,14,7,20019212,0,0,0,0,68065324,0
1,60,0,1,6,5,26692283,0,0,0,0,30028818,0
1,22,1,2,11,5,26692283,0,0,0,0,30028818,0
1,25,1,1,10,3,56721101,1,0,0,0,93422985,0
1,36,0,2,8,3,13346142,0,0,1,1,53384566,0
1,33,1,1,14,3,25784746,0,0,0,0,93422985,0
1,36,0,4,9,5,26692283,0,0,0,0,30028818,1
1,23,1,0,10,2,25224209,0,1,0,0,30028818,0
1,28,1,5,10,7,10676913,0,1,0,1,48046112,0
1,33,0,4,9,5,26692283,0,0,0,0,30028818,0
1,39,1,0,12,4,87417221,0,1,0,1,10676913,1
1,21,0,3,10,4,44843035,0,1,0,1,30429204,0
1,44,1,6,6,8,7420455,0,1,0,0,16549217,0
1,23,1,1,7,3,26692283,0,0,0,0,30028818,0
1,67,0,0,1,1,16015369,1,0,0,0,30028818,1
1,40,1,4,7,6,86082611,1,0,0,0,14013449,0
1,54,1,2,4,4,14947679,0,1,0,0,85415306,0
1,25,1,6,6,8,38703811,0,1,0,0,38703811,0
1,43,0,6,9,8,76339931,0,0,1,0,61926098,0
1,23,1,2,9,5,26692283,0,0,0,0,30028818,0
1,22,1,2,7,5,26692283,0,0,0,0,30028818,1
1,31,1,3,10,5,24023054,0,1,0,0,24023054,1
1,68,1,1,4,5,26692283,0,0,0,0,30028818,0
1,28,1,2,10,4,53384566,0,0,0,1,13346142,0
1,49,1,3,9,5,1975229,1,0,0,0,15748447,0
1,79,1,0,12,2,81945305,1,0,0,0,66730708,0
1,47,0,3,7,5,40038424,1,0,0,0,40038424,0
1,58,0,2,8,5,26692283,0,0,0,0,30028818,0
1,21,1,2,10,4,26692283,0,0,0,0,30028818,0
1,67,1,0,8,3,10676913,1,0,0,0,10676913,1
1,26,0,3,10,4,26692283,0,0,1,1,30028818,0
0,33,0,3,10,5,26692283,0,0,0,0,30028818,0
1,38,1,11,10,5,26692283,0,0,0,0,30028818,1
1,26,1,3,10,5,1601537,0,0,1,1,1601537,0
1,25,1,2,9,4,16202215,0,0,0,0,46711493,0
1,26,1,4,10,5,26692283,0,0,0,0,30028818,0
0,40,1,0,10,5,26692283,0,0,0,0,30028818,0
1,24,1,3,8,5,12812296,0,1,0,0,12812296,0
1,24,1,5,10,5,26692283,0,0,0,0,30028818,0
1,33,1,7,7,5,26692283,0,0,0,0,30028818,0
1,73,1,2,12,5,12144989,0,0,0,0,12144989,1
1,21,1,1,12,3,15348064,1,0,0,0,15348064,0
1,49,0,3,9,5,26692283,0,0,0,0,30028818,0
1,25,0,3,9,4,36301506,0,0,0,0,26692283,0
1,49,0,3,6,4,14547294,0,1,0,0,14547294,0
1,25,1,2,9,4,26692283,0,0,1,1,28026897,0
1,34,0,0,1,5,26692283,0,0,0,0,30028818,0
1,36,1,6,10,11,10116375,0,1,0,1,45109959,0
1,23,1,3,10,5,46711493,1,0,0,0,48046112,0
1,48,0,3,1,6,61392255,0,1,0,0,13346142,0
1,17,1,3,10,5,26692283,0,0,0,0,30028818,0
1,25,1,3,9,5,95291452,0,1,0,0,40038424,0
1,20,1,2,10,4,18150753,1,0,0,0,27493052,1
1,27,1,4,8,6,46711496,1,0,0,1,46711496,0
1,35,1,8,10,10,80076847,0,0,1,1,68065324,0
1,28,1,6,10,8,22440203,1,0,0,0,20686522,0
1,23,1,4,9,6,26158435,0,0,0,1,26158438,0
1,24,1,2,11,5,26692283,0,0,0,0,30028818,1
1,39,0,1,10,5,26692283,0,0,0,0,30028818,0
1,30,1,2,14,4,64595323,0,0,0,0,3203074,0
1,36,1,8,8,5,26692283,0,0,0,0,30028818,0
1,50,1,0,14,5,26692283,0,0,0,0,30028818,1
1,35,1,1,4,3,56721101,0,0,0,0,56721101,0
1,26,1,4,10,7,26692283,0,0,1,1,30028818,0
1,27,1,7,9,10,35100353,1,0,0,0,15748446,0
1,23,1,3,10,5,14814217,0,1,0,0,17083061,0
1,23,0,3,10,4,26692283,1,0,0,0,30028818,0
0,61,0,0,12,5,26692283,0,0,0,0,30028818,0
0,21,0,0,10,5,26692283,0,0,0,0,30028818,0
1,35,1,3,8,5,22154596,0,0,1,1,17349985,0
1,23,1,2,7,4,39557965,1,0,0,0,30028818,0
1,24,1,2,10,4,24556902,0,1,0,0,34900162,0
1,23,1,1,14,3,19351906,0,0,0,0,19351906,0
1,20,1,2,10,4,20553058,0,1,0,0,20553058,0
1,30,0,8,14,10,4083252,0,1,0,1,16329004,0
1,32,1,5,12,7,80076847,0,1,0,0,80076847,0
1,28,1,1,4,3,64061475,0,0,0,1,30028818,0
1,25,1,4,9,5,26692283,0,0,0,0,30028818,0
1,20,0,2,10,4,17083061,0,1,0,0,17083061,1
1,76,0,0,4,2,11677873,0,1,0,0,24890554,0
1,73,0,1,1,2,54986105,0,1,0,0,54986105,0
1,31,0,6,8,10,84080696,1,0,0,0,60057635,0
1,63,0,1,1,5,26692283,0,0,0,0,30028818,0
0,34,1,6,9,9,40038424,1,0,0,0,30028818,0
1,48,1,4,9,5,26692283,0,0,0,0,30028818,0
1,22,1,1,10,3,82212238,0,0,1,1,53384566,0
1,19,1,1,6,5,26692283,0,0,0,0,30028818,0
1,32,1,3,10,5,1494768,0,0,1,1,10676913,1
1,39,1,9,9,12,40572273,0,1,0,1,4276104,0
1,25,1,3,6,6,74738398,0,0,0,0,26692283,1
1,28,1,4,9,6,14053487,0,0,1,1,14814218,0
1,23,1,4,10,5,26692283,0,0,0,0,30028818,1
1,34,0,0,1,1,26692283,0,0,0,0,26692283,1
1,24,1,2,10,5,1279895,0,0,1,1,79609737,1
1,31,1,4,4,5,26692283,0,0,0,0,30028818,0
1,31,1,3,12,5,26692283,0,0,0,0,30028818,0
1,31,1,6,10,5,26692283,0,0,0,0,30028818,0
1,26,1,3,1,5,26692283,0,0,0,0,30028818,0
1,33,1,5,9,5,26692283,0,0,0,0,30028818,0
1,73,0,0,1,1,16682677,0,1,0,0,16682677,0
1,27,1,2,8,5,26692283,0,0,0,0,30028818,1
1,24,1,3,9,5,26692283,0,0,0,0,30028818,0
1,33,1,0,9,2,38436887,0,0,0,0,38436887,0
1,28,1,5,9,7,87777567,0,1,0,0,87777567,0
1,68,1,1,1,5,26692283,0,0,0,0,30028818,0
1,20,1,4,10,5,26692283,0,0,0,0,30028818,0
1,22,1,3,10,5,26692283,0,0,0,0,30028818,0
1,18,0,4,9,5,26692283,0,0,0,0,30028818,0
1,23,1,2,5,4,21353827,0,1,0,0,2936151,0
1,34,1,3,10,5,26692283,0,0,0,0,30028818,0
1,35,1,4,10,7,10143068,0,0,1,0,14947679,1
1,38,1,5,9,7,90353384,0,1,0,0,90353384,1
1,30,0,4,7,5,46711493,0,0,1,1,46711493,0
1,28,1,2,10,4,59390326,1,0,0,0,48046112,0
1,26,1,4,7,6,47512269,0,0,0,0,26692283,0
1,35,1,6,9,8,2642536,0,1,0,0,30028818,0
0,29,1,1,9,3,99295282,1,0,0,0,80076847,0
0,54,0,0,14,5,26692283,0,0,0,0,30028818,0
1,43,1,4,12,5,26692283,0,0,0,0,30028818,0
1,25,1,1,10,5,26692283,0,0,0,0,30028818,0
1,35,1,7,10,9,1040999,0,1,0,0,11611143,0
1,52,1,4,9,7,22631054,1,0,0,0,99789095,1
0,64,0,0,7,1,53384566,0,1,0,0,53384566,0
0,37,1,4,10,6,63527637,0,1,0,0,69399939,0
1,41,1,6,6,5,26692283,0,0,0,0,30028818,0
1,28,1,4,11,6,25624592,1,0,0,0,56053796,0
1,25,1,3,9,5,66730709,0,0,0,0,66730709,0
1,23,1,3,10,5,18551138,0,1,0,0,19218445,1
1,23,1,4,7,5,26692283,0,0,0,0,30028818,1
1,44,1,2,8,5,26692283,0,0,0,0,30028818,0
1,27,1,2,9,4,2162075,0,0,0,0,11904758,0
1,26,1,2,10,4,90753761,1,0,0,0,66730709,1
1,25,1,1,10,5,26692283,0,0,0,0,30028818,0
1,23,1,3,9,5,2562459,0,0,0,0,25624592,0
0,29,1,6,9,5,26692283,0,0,0,0,30028818,0
1,38,0,2,10,3,18150753,0,0,1,1,14947679,0
0,53,0,0,14,5,26692283,0,0,0,0,30028818,0
1,55,0,1,9,3,15321371,0,1,0,0,25090747,0
1,35,1,5,10,6,47712455,0,1,0,0,57722063,0
1,24,1,7,10,8,48846878,0,0,0,0,48046112,0
1,31,1,4,11,6,49914566,0,0,1,1,66730709,0
1,29,1,3,1,5,31229971,0,1,0,0,17416716,0
1,42,0,3,8,4,13439565,0,1,0,0,19084982,1
1,35,1,3,9,5,26692283,0,0,0,0,30028818,0
1,63,1,1,6,3,38370154,0,1,0,0,38370156,0
1,36,1,4,14,6,12812296,0,1,0,1,56053796,0
0,71,0,2,4,3,26692283,1,0,0,0,26692283,0
1,19,1,1,8,5,26692283,0,0,0,0,30028818,0
1,59,1,2,6,5,26692283,0,0,0,0,30028818,0
1,36,0,4,10,6,501548,0,0,1,1,78742236,0
1,41,1,5,9,5,26692283,0,0,0,0,30028818,1
1,45,0,4,1,8,89085493,0,1,0,1,89085493,0
0,47,0,0,1,5,26692283,0,0,0,0,30028818,0
1,33,0,5,7,8,52049952,0,1,0,1,52049952,0
1,19,1,1,10,5,26692283,0,0,0,0,30028818,0
1,64,1,3,14,5,26692283,0,0,0,0,30028818,0
1,26,1,4,14,6,94223757,0,1,0,1,94223757,1
1,19,1,1,10,5,26692283,0,0,0,0,30028818,0
1,22,1,3,9,5,18017291,0,1,0,0,18017291,0
1,46,0,5,9,7,40524223,0,0,0,1,65396094,0
1,27,1,4,10,5,26692283,0,0,0,0,30028818,0
1,37,1,4,9,6,15161217,0,0,0,0,74738393,0
1,68,0,0,1,1,12011529,0,0,0,0,12011528,0
1,30,1,4,10,6,47378802,0,0,0,1,15348064,0
0,57,1,4,14,5,26692283,0,0,0,0,30028818,0
1,23,1,5,9,5,26692283,0,0,0,0,30028818,0
1,19,1,3,9,5,33365355,0,0,1,0,33365355,0
1,24,1,2,3,4,24023058,1,0,0,0,80076849,0
1,24,1,4,11,6,46658112,0,1,0,1,19431982,1
1,28,1,6,8,5,26692283,0,0,0,0,30028818,0
1,53,1,4,8,6,33098431,0,1,0,1,26158438,0
1,27,1,4,10,6,96092218,0,0,0,0,30028818,0
1,61,0,0,5,1,40038424,0,1,0,1,53384566,0
1,34,0,5,9,5,26692283,0,0,0,0,30028818,0
1,53,0,3,6,5,18684598,1,0,0,0,26158438,1
1,22,1,3,8,5,15081141,1,0,0,1,66730708,0
1,49,1,5,12,7,17136446,0,1,0,1,2314221,0
1,27,1,4,9,6,61392255,0,1,0,1,72069163,0
0,71,0,3,17,5,24023058,0,1,0,0,24023056,1
1,32,1,6,10,8,19752291,0,1,0,1,17817099,0
1,48,1,0,8,5,26692283,0,0,0,0,30028818,0
1,39,1,5,14,8,24023058,0,1,0,0,24023056,0
1,52,1,2,8,8,1414691,0,1,0,0,15815178,0
1,73,0,0,6,5,26692283,0,0,0,0,30028818,0
1,48,1,5,3,7,19218447,0,0,1,1,17750368,0
1,20,1,1,10,3,26692283,0,0,1,1,26692283,0
1,27,1,4,10,5,26692283,0,0,0,0,30028818,0
1,25,1,2,9,4,72069163,0,1,0,0,1040999,1
1,25,1,4,7,6,53491335,0,0,0,0,24023056,0
1,34,1,4,6,6,21033521,0,0,0,1,13346142,0
1,26,1,3,10,5,82746077,0,1,0,0,52717257,0
1,22,1,4,9,6,26692283,0,0,1,1,26692283,0
1,24,1,5,9,7,39371116,1,0,0,0,39371116,0
1,76,1,0,1,2,18684597,0,0,0,0,18684597,0
1,60,0,0,5,2,64061475,0,0,1,1,64061481,0
1,31,1,4,11,5,26692283,0,0,0,0,30028818,0
1,40,1,8,9,10,88191299,0,0,0,0,17083061,1
1,63,1,3,1,7,6406148,0,1,0,0,1601537,1
0,31,1,2,11,5,26692283,0,0,0,0,30028818,1
0,70,0,0,4,1,33365355,0,0,0,0,41373043,1
1,32,1,4,9,6,11210759,1,0,0,0,1601537,0
1,22,1,1,12,3,26692283,1,0,0,0,30028818,0
1,22,1,1,7,5,26692283,0,0,0,0,30028818,0
1,32,1,5,14,7,23937639,0,0,0,0,1988575,0
1,29,1,5,10,7,90219917,0,0,1,1,13346142,0
1,77,0,0,4,1,16015369,0,0,0,0,30028818,1
1,39,1,0,9,2,11744604,0,0,0,1,37369196,0
1,59,0,1,1,2,21353827,0,0,1,1,21353827,0
1,42,1,4,10,6,90753756,0,0,1,1,98761454,0
1,24,0,1,2,5,26692283,0,0,0,0,30028818,0
1,24,1,4,8,6,10089684,0,1,0,0,26425362,1
1,19,0,0,6,5,26692283,0,0,0,0,30028818,0
1,22,1,2,10,4,24023058,1,0,0,0,24023056,0
0,76,0,2,4,3,28026898,1,0,0,0,28026898,0
0,76,0,0,11,1,53384566,0,1,0,0,66730708,0
1,27,1,5,6,5,26692283,0,0,0,0,30028818,0
1,44,1,6,9,9,11477681,0,0,0,0,74738393,0
1,49,1,4,7,8,10539447,0,1,0,1,24516861,1
1,23,1,2,4,4,12411912,1,0,0,0,12411912,0
1,34,1,2,14,4,10143068,1,0,0,0,10143067,0
1,42,0,5,3,5,26692283,0,0,0,0,30028818,0
1,39,1,6,12,9,93916788,0,1,0,1,81104498,0
1,48,1,4,8,5,26692283,0,0,0,0,30028818,0
1,23,1,2,10,4,24023058,0,0,1,1,30696127,0
1,22,1,3,9,5,10676913,0,1,0,1,10676913,1
1,25,1,3,10,5,10143068,0,0,0,0,19752291,0
1,26,1,2,10,5,26692283,0,0,0,0,30028818,0
1,43,1,1,3,3,53384566,0,0,0,0,53384566,0
1,36,0,5,10,7,33365355,1,0,0,1,40038424,0
1,31,1,4,10,6,19618828,1,0,0,0,52049952,0
1,32,0,4,10,5,26692283,0,0,0,0,30028818,0
1,30,1,6,4,8,74738393,1,0,0,0,90753765,0
1,47,1,2,8,5,26692283,0,0,0,0,30028818,0
1,30,1,1,9,5,26692283,0,0,0,0,30028818,0
1,22,1,1,9,5,26692283,0,0,0,0,30028818,0
1,60,1,2,7,4,85415304,0,1,0,0,85415304,1
1,59,1,0,5,5,26692283,0,0,0,0,30028818,0
1,27,1,5,12,7,35020279,0,0,0,0,11130682,0
1,25,0,2,9,5,26692283,0,0,0,0,30028818,0
1,27,1,2,10,5,26692283,0,0,0,0,30028818,0
1,51,1,4,7,6,15348063,0,1,0,0,24957285,1
1,33,1,3,7,5,26692283,0,0,0,0,30028818,0
1,18,1,3,10,3,26692283,0,0,0,1,30028818,0
1,59,1,1,1,3,36034581,1,0,0,0,36034581,0
1,23,1,2,7,4,1601537,0,1,0,0,1601537,0
1,27,1,2,9,4,22955362,1,0,0,0,13346142,0
1,46,1,5,14,7,32698047,0,0,1,1,32698047,0
1,29,1,5,8,7,66730709,1,0,0,0,66730709,0
1,18,1,1,9,5,26692283,0,0,0,0,30028818,0
1,33,1,4,14,6,41106119,0,1,0,1,34166121,0
1,32,1,2,8,4,26692283,0,0,0,0,30028818,0
1,30,1,5,10,7,53384566,0,0,0,0,53384566,1
1,19,1,2,9,4,26692283,0,0,0,0,40038425,0
0,40,0,2,4,4,41373043,0,1,0,0,47779188,0
1,28,1,5,11,8,26692283,0,0,1,1,30028818,0
1,28,1,4,12,6,93422995,0,0,0,1,53384566,1
0,33,0,1,7,2,26692283,0,0,0,1,30028818,0
1,43,0,1,7,3,16015369,0,1,0,0,16015369,0
1,32,1,7,10,9,18978214,0,1,0,1,56053796,0
1,28,1,5,10,7,46177654,0,1,0,0,3683535,0
1,27,1,3,10,5,26692283,0,0,0,0,30028818,0
1,25,1,3,9,5,1601537,0,0,1,1,1601537,0
1,30,0,3,1,4,6406148,1,0,0,0,6406148,0
1,20,1,2,9,4,80076847,0,1,0,0,24023056,0
1,49,1,2,5,4,28560741,0,1,0,0,27359591,1
1,24,1,1,12,3,22688444,0,1,0,0,22688441,0
1,30,1,1,14,3,91421068,0,0,1,1,1134422,0
1,26,1,3,9,5,26692283,0,0,0,0,30028818,0
1,26,1,1,9,3,16015369,0,0,0,0,30028818,0
0,41,0,3,10,4,45109959,1,0,0,0,13079219,0
1,20,1,1,10,5,26692283,0,0,0,0,30028818,0
1,36,0,0,10,3,76339927,0,1,0,0,98761454,0
1,25,1,2,10,4,17883831,1,0,0,0,10676913,0
1,21,1,3,10,5,19170399,0,0,1,1,30028818,0
1,49,1,5,9,11,45376887,1,0,0,0,56053796,0
1,59,0,0,7,5,26692283,0,0,0,0,30028818,1
1,59,1,5,12,7,3203074,0,1,0,0,3203074,0
1,33,1,4,10,5,26692283,0,0,0,0,30028818,0
1,36,1,5,10,8,28026898,0,1,0,1,28026898,0
1,41,1,5,9,9,12865682,0,0,1,1,77407622,0
1,25,1,1,9,3,32030737,1,0,0,0,3203074,0
1,36,1,6,14,8,10143068,0,1,0,0,10143067,0
1,72,1,0,9,3,96092218,0,1,0,0,96092218,0
1,34,1,3,10,5,26692283,0,0,0,0,30028818,1
1,44,1,5,1,5,26692283,0,0,0,0,30028818,0
1,21,1,1,10,3,68278861,1,0,0,1,93422991,0
1,25,1,3,8,5,43241501,0,0,0,0,3203074,0
1,30,1,1,14,5,26692283,0,0,0,0,30028818,0
1,20,1,2,10,5,26692283,0,0,0,0,30028818,0
1,20,1,2,10,4,14387141,0,1,0,1,39771502,0
1,35,1,6,6,8,18471058,0,1,0,0,13346142,0
1,25,1,3,9,5,77674545,0,1,0,0,13346142,0
1,25,1,1,7,5,26692283,0,0,0,0,30028818,0
1,28,1,4,10,6,10476722,0,1,0,0,23022095,0
1,66,0,0,1,1,12545372,0,1,0,0,12545373,1
1,51,1,1,12,5,26692283,0,0,0,0,30028818,0
1,33,0,4,8,5,10289875,0,1,0,1,20019212,0
